Name,Party,District,Winner,Presumptive,Trimmed
Alyse Galvin,D,AK-1,X,,Alyse Galvin
Don Young,R,AK-1,X,,Don Young
Robert Kennedy Jr.,D,AL-1,X,,Robert Kennedy Jr.
Bradley Byrne,R,AL-1,X,,Bradley Byrne
Tabitha Isner,D,AL-2,X,,Tabitha Isner
Martha Roby,R,AL-2,X,,Martha Roby
Mallory Hagan,D,AL-3,X,,Mallory Hagan
Mike D Rogers,R,AL-3,X,,Mike D Rogers
Lee Auman,D,AL-4,X,,Lee Auman
Robert B Aderholt,R,AL-4,X,,Robert B Aderholt
Peter Joffrion,D,AL-5,X,,Peter Joffrion
Mo Brooks,R,AL-5,X,,Mo Brooks
Danner Kline,D,AL-6,X,,Danner Kline
Gary Palmer,R,AL-6,X,,Gary Palmer
Terri A Sewell,D,AL-7,X,,Terri A Sewell
Chintan Desai,D,AR-1,X,,Chintan Desai
Rick Crawford,R,AR-1,X,,Rick Crawford
Clarke Tucker,D,AR-2,X,,Clarke Tucker
French Hill,R,AR-2,X,,French Hill
Josh Mahony,D,AR-3,X,,Josh Mahony
Steve Womack,R,AR-3,X,,Steve Womack
Hayden Shamel,D,AR-4,X,,Hayden Shamel
Bruce Westerman,R,AR-4,X,,Bruce Westerman
Tom O'Halleran,D,AZ-1,X,,Tom O'Halleran
Wendy Rogers,R,AZ-1,X,,Wendy Rogers
Ann Kirkpatrick,D,AZ-2,X,,Ann Kirkpatrick
Lea Marquez Peterson,R,AZ-2,X,,Lea Marquez Peterson
Raul Grijalva,D,AZ-3,X,,Raul Grijalva
Nick Pierson,R,AZ-3,X,,Nick Pierson
David Brill,D,AZ-4,X,,David Brill
Paul Gosar,R,AZ-4,X,,Paul Gosar
Joan Greene,D,AZ-5,X,,Joan Greene
Andy Biggs,R,AZ-5,X,,Andy Biggs
Anita Malik,D,AZ-6,X,,Anita Malik
David Schweikert,R,AZ-6,X,,David Schweikert
Ruben Gallego,D,AZ-7,X,,Ruben Gallego
Hiral Tipirneni,D,AZ-8,X,,Hiral Tipirneni
Debbie Lesko,R,AZ-8,X,,Debbie Lesko
Greg Stanton,D,AZ-9,X,,Greg Stanton
Steve Ferrara,R,AZ-9,X,,Steve Ferrara
Audrey Denney,D,CA-1,X,,Audrey Denney
Doug LaMalfa,R,CA-1,X,,Doug LaMalfa
Josh Harder,D,CA-10,X,,Josh Harder
Jeff Denham,R,CA-10,X,,Jeff Denham
Mark Desaulnier,D,CA-11,X,,Mark Desaulnier
John Fitzgerald,R,CA-11,X,,John Fitzgerald
Nancy Pelosi,D,CA-12,X,,Nancy Pelosi
Lisa Remmer,R,CA-12,X,,Lisa Remmer
Barbara Lee,D,CA-13,X,,Barbara Lee
Jackie Speier,D,CA-14,X,,Jackie Speier
Cristina Osmena,R,CA-14,X,,Cristina Osmena
Eric Swalwell,D,CA-15,X,,Eric Swalwell
Rudy Peters,R,CA-15,X,,Rudy Peters
Jim Costa,D,CA-16,X,,Jim Costa
Elizabeth Heng,R,CA-16,X,,Elizabeth Heng
Ro Khanna,D,CA-17,X,,Ro Khanna
Ron Cohen,R,CA-17,X,,Ron Cohen
Anna Eshoo,D,CA-18,X,,Anna Eshoo
Christine Russell,R,CA-18,X,,Christine Russell
Zoe Lofgren,D,CA-19,X,,Zoe Lofgren
Jared Huffman,D,CA-2,X,,Jared Huffman
Dale Mensing,R,CA-2,X,,Dale Mensing
Jimmy Panetta,D,CA-20,X,,Jimmy Panetta
Ronald Kabat,I,CA-20,X,,Ronald Kabat
TJ Cox,D,CA-21,X,,TJ Cox
David Valadao,R,CA-21,X,,David Valadao
Andrew Janz,D,CA-22,X,,Andrew Janz
Devin Nunes,R,CA-22,X,,Devin Nunes
Tatiana Matta,D,CA-23,X,,Tatiana Matta
Kevin McCarthy,R,CA-23,X,,Kevin McCarthy
Salud Carbajal,D,CA-24,X,,Salud Carbajal
Justin Fareed,R,CA-24,X,,Justin Fareed
Katie Hill,D,CA-25,X,,Katie Hill
Steve Knight,R,CA-25,X,,Steve Knight
Julia Brownley,D,CA-26,X,,Julia Brownley
Antonio Sabato Jr.,R,CA-26,X,,Antonio Sabato Jr.
Judy Chu,D,CA-27,X,,Judy Chu
Bryan Witt,D,CA-27,X,,Bryan Witt
Adam Schiff,D,CA-28,X,,Adam Schiff
Johnny Nalbandian,R,CA-28,X,,Johnny Nalbandian
Tony Cardenas,D,CA-29,X,,Tony Cardenas
Benny Bernal,R,CA-29,X,,Benny Bernal
John Garamendi,D,CA-3,X,,John Garamendi
Charles Schaupp,R,CA-3,X,,Charles Schaupp
Brad Sherman,D,CA-30,X,,Brad Sherman
Mark Reed,R,CA-30,X,,Mark Reed
Pete Aguilar,D,CA-31,X,,Pete Aguilar
Sean Flynn,R,CA-31,X,,Sean Flynn
Grace Napolitano,D,CA-32,X,,Grace Napolitano
Ted Lieu,D,CA-33,X,,Ted Lieu
Kenneth Wright,R,CA-33,X,,Kenneth Wright
Kenneth Mejia,3,CA-34,X,,Kenneth Mejia
Jimmy Gomez,D,CA-34,X,,Jimmy Gomez
Norma Torres,D,CA-35,X,,Norma Torres
Christian Valiente,R,CA-35,X,,Christian Valiente
Raul Ruiz,D,CA-36,X,,Raul Ruiz
Kimberlin Brown Pelzer,R,CA-36,X,,Kimberlin Brown Pelzer
Karen Bass,D,CA-37,X,,Karen Bass
Ron Bassilian,R,CA-37,X,,Ron Bassilian
Linda Sanchez,D,CA-38,X,,Linda Sanchez
Ryan Downing,R,CA-38,X,,Ryan Downing
Gil Cisneros,D,CA-39,X,,Gil Cisneros
Young Kim,R,CA-39,X,,Young Kim
Jessica Morse,D,CA-4,X,,Jessica Morse
Tom McClintock,R,CA-4,X,,Tom McClintock
Rodolfo Cortes Barragan,3,CA-40,X,,Rodolfo Cortes Barragan
Lucille Roybal-Allard,D,CA-40,X,,Lucille Roybal-Allard
Mark Takano,D,CA-41,X,,Mark Takano
Aja Smith,R,CA-41,X,,Aja Smith
Julia Peacock,D,CA-42,X,,Julia Peacock
Ken Calvert,R,CA-42,X,,Ken Calvert
Maxine Waters,D,CA-43,X,,Maxine Waters
Omar Navarro,R,CA-43,X,,Omar Navarro
Nanette Barragan,D,CA-44,X,,Nanette Barragan
Aja Brown,D,CA-44,X,,Aja Brown
Katie Porter,D,CA-45,X,,Katie Porter
Mimi Walters,R,CA-45,X,,Mimi Walters
Lou Correa,D,CA-46,X,,Lou Correa
Russell Lambert,R,CA-46,X,,Russell Lambert
Alan Lowenthal,D,CA-47,X,,Alan Lowenthal
John Briscoe,R,CA-47,X,,John Briscoe
Harley Rouda,D,CA-48,X,,Harley Rouda
Dana Rohrabacher,R,CA-48,X,,Dana Rohrabacher
Mike Levin,D,CA-49,X,,Mike Levin
Diane Harkey,R,CA-49,X,,Diane Harkey
Mike Thompson,D,CA-5,X,,Mike Thompson
Ammar Campa-Najjar,D,CA-50,X,,Ammar Campa-Najjar
Duncan D Hunter,R,CA-50,X,,Duncan D Hunter
Juan Vargas,D,CA-51,X,,Juan Vargas
Juan Hidalgo,R,CA-51,X,,Juan Hidalgo
Scott Peters,D,CA-52,X,,Scott Peters
Omar Qudrat,R,CA-52,X,,Omar Qudrat
Susan A Davis,D,CA-53,X,,Susan A Davis
Morgan Murtaugh,R,CA-53,X,,Morgan Murtaugh
Doris O Matsui,D,CA-6,X,,Doris O Matsui
Jrmar Jefferson,D,CA-6,X,,Jrmar Jefferson
Ami Bera,D,CA-7,X,,Ami Bera
Andrew Grant,R,CA-7,X,,Andrew Grant
Paul Cook,R,CA-8,X,,Paul Cook
Tim Donnelly,R,CA-8,X,,Tim Donnelly
Jerry McNerney,D,CA-9,X,,Jerry McNerney
Marla Livengood,R,CA-9,X,,Marla Livengood
Diana DeGette,D,CO-1,X,,Diana DeGette
Casper Stockham,R,CO-1,X,,Casper Stockham
Joseph Neguse,D,CO-2,X,,Joseph Neguse
Peter Yu,R,CO-2,X,,Peter Yu
Diane Mitsch Bush,D,CO-3,X,,Diane Mitsch Bush
Scott Tipton,R,CO-3,X,,Scott Tipton
Karen McCormick,D,CO-4,X,,Karen McCormick
Kenneth R Buck,R,CO-4,X,,Kenneth R Buck
Stephany Rose Spaulding,D,CO-5,X,,Stephany Rose Spaulding
Douglas L Lamborn,R,CO-5,X,,Douglas L Lamborn
Jason Crow,D,CO-6,X,,Jason Crow
Mike Coffman,R,CO-6,X,,Mike Coffman
Ed Perlmutter,D,CO-7,X,,Ed Perlmutter
Mark Barrington,R,CO-7,X,,Mark Barrington
John B Larson,D,CT-1,X,,John B Larson
Jennifer Nye,R,CT-1,X,,Jennifer Nye
Joe Courtney,D,CT-2,X,,Joe Courtney
Danny Postemski,R,CT-2,X,,Danny Postemski
Rosa L DeLauro,D,CT-3,X,,Rosa L DeLauro
Angel Cadena,R,CT-3,X,,Angel Cadena
Jim Himes,D,CT-4,X,,Jim Himes
Harry Arora,R,CT-4,X,,Harry Arora
Jahana Hayes,D,CT-5,X,,Jahana Hayes
Manny Santos,R,CT-5,X,,Manny Santos
Lisa Blunt Rochester,D,DE-1,X,,Lisa Blunt Rochester
Scott Walker,R,DE-1,X,,Scott Walker
Jennifer Zimmerman,D,FL-1,X,,Jennifer Zimmerman
Matt Gaetz,R,FL-1,X,,Matt Gaetz
Val Demings,D,FL-10,X,,Val Demings
Dana Cottrell,D,FL-11,X,,Dana Cottrell
Daniel Webster,R,FL-11,X,,Daniel Webster
Chris Hunter,D,FL-12,X,,Chris Hunter
Gus Bilirakis,R,FL-12,X,,Gus Bilirakis
Charlie Crist,D,FL-13,X,,Charlie Crist
George Buck,R,FL-13,X,,George Buck
Kathy Castor,D,FL-14,X,,Kathy Castor
Kristen Carlson,D,FL-15,X,,Kristen Carlson
Ross Spano,R,FL-15,X,,Ross Spano
David Shapiro,D,FL-16,X,,David Shapiro
Vern Buchanan,R,FL-16,X,,Vern Buchanan
April Freeman,D,FL-17,X,,April Freeman
Greg Steube,R,FL-17,X,,Greg Steube
Lauren Baer,D,FL-18,X,,Lauren Baer
Brian Mast,R,FL-18,X,,Brian Mast
David Holden,D,FL-19,X,,David Holden
Francis Rooney,R,FL-19,X,,Francis Rooney
Bob Rackleff,D,FL-2,X,,Bob Rackleff
Neal Dunn,R,FL-2,X,,Neal Dunn
Alcee Hastings,D,FL-20,X,,Alcee Hastings
Lois Frankel,D,FL-21,X,,Lois Frankel
Ted Deutch,D,FL-22,X,,Ted Deutch
Nicolas Kimaz,R,FL-22,X,,Nicolas Kimaz
Debbie Wasserman Schultz,D,FL-23,X,,Debbie Wasserman Schultz
Joe Kaufman,R,FL-23,X,,Joe Kaufman
Frederica Wilson,D,FL-24,X,,Frederica Wilson
Mary Barzee Flores,D,FL-25,X,,Mary Barzee Flores
Mario Diaz-Balart,R,FL-25,X,,Mario Diaz-Balart
Debbie Mucarsel-Powell,D,FL-26,X,,Debbie Mucarsel-Powell
Carlos Curbelo,R,FL-26,X,,Carlos Curbelo
Donna Shalala,D,FL-27,X,,Donna Shalala
Maria Salazar,R,FL-27,X,,Maria Salazar
Yvonne Hayes Hinson,D,FL-3,X,,Yvonne Hayes Hinson
Ted Yoho,R,FL-3,X,,Ted Yoho
Ges Selmont,D,FL-4,X,,Ges Selmont
John Rutherford,R,FL-4,X,,John Rutherford
Al Lawson,D,FL-5,X,,Al Lawson
Virginia Fuller,R,FL-5,X,,Virginia Fuller
Nancy Soderberg,D,FL-6,X,,Nancy Soderberg
Michael Waltz,R,FL-6,X,,Michael Waltz
Stephanie Murphy,D,FL-7,X,,Stephanie Murphy
Mike Miller,R,FL-7,X,,Mike Miller
Sanjay Patel,D,FL-8,X,,Sanjay Patel
Bill Posey,R,FL-8,X,,Bill Posey
Darren Soto,D,FL-9,X,,Darren Soto
Wayne Liebnitzky,R,FL-9,X,,Wayne Liebnitzky
Lisa Ring,D,GA-1,X,,Lisa Ring
Buddy Carter,R,GA-1,X,,Buddy Carter
Tabitha Johnson-Green,D,GA-10,X,,Tabitha Johnson-Green
Jody B Hice,R,GA-10,X,,Jody B Hice
Flynn Broady Jr.,D,GA-11,X,,Flynn Broady Jr.
Barry Loudermilk,R,GA-11,X,,Barry Loudermilk
Francys Johnson,D,GA-12,X,,Francys Johnson
Richard W Allen,R,GA-12,X,,Richard W Allen
David Scott,D,GA-13,X,,David Scott
David Callahan,R,GA-13,X,,David Callahan
Steven Foster,D,GA-14,X,,Steven Foster
Tom Graves,R,GA-14,X,,Tom Graves
Sanford Bishop,D,GA-2,X,,Sanford Bishop
Herman West Jr.,R,GA-2,X,,Herman West Jr.
Chuck Enderlin,D,GA-3,X,,Chuck Enderlin
Drew Ferguson,R,GA-3,X,,Drew Ferguson
Hank Johnson,D,GA-4,X,,Hank Johnson
Joe Profit,R,GA-4,X,,Joe Profit
John Lewis,D,GA-5,X,,John Lewis
Lucy McBath,D,GA-6,X,,Lucy McBath
Karen Handel,R,GA-6,X,,Karen Handel
Carolyn Bourdeaux,D,GA-7,X,,Carolyn Bourdeaux
Rob Woodall,R,GA-7,X,,Rob Woodall
Austin Scott,R,GA-8,X,,Austin Scott
Josh McCall,D,GA-9,X,,Josh McCall
Doug Collins,R,GA-9,X,,Doug Collins
Ed Case,D,HI-1,X,,Ed Case
Cam Cavasso,R,HI-1,X,,Cam Cavasso
Tulsi Gabbard,D,HI-2,X,,Tulsi Gabbard
Brian Evans,R,HI-2,X,,Brian Evans
Abby Finkenauer,D,IA-1,X,,Abby Finkenauer
Rod Blum,R,IA-1,X,,Rod Blum
David Loebsack,D,IA-2,X,,David Loebsack
Christopher Peters,R,IA-2,X,,Christopher Peters
Cindy Axne,D,IA-3,X,,Cindy Axne
David Young,R,IA-3,X,,David Young
J.D. Scholten,D,IA-4,X,,J.D. Scholten
Steven A. King,R,IA-4,X,,Steven A. King
Cristina McNeil,D,ID-1,X,,Cristina McNeil
Russ Fulcher,R,ID-1,X,,Russ Fulcher
Aaron Swisher,D,ID-2,X,,Aaron Swisher
Mike Simpson,R,ID-2,X,,Mike Simpson
Bobby L Rush,D,IL-1,X,,Bobby L Rush
Jimmy Lee Tillman,R,IL-1,X,,Jimmy Lee Tillman
Brad Schneider,D,IL-10,X,,Brad Schneider
Douglas Bennett,R,IL-10,X,,Douglas Bennett
Bill Foster,D,IL-11,X,,Bill Foster
Dominick Stella,R,IL-11,X,,Dominick Stella
Brendan Kelly,D,IL-12,X,,Brendan Kelly
Mike Bost,R,IL-12,X,,Mike Bost
Betsy Dirksen Londrigan,D,IL-13,X,,Betsy Dirksen Londrigan
Rodney Davis,R,IL-13,X,,Rodney Davis
Lauren A Underwood,D,IL-14,X,,Lauren A Underwood
Randy Hultgren,R,IL-14,X,,Randy Hultgren
Kevin Gaither,D,IL-15,X,,Kevin Gaither
John M Shimkus,R,IL-15,X,,John M Shimkus
Sara Dady,D,IL-16,X,,Sara Dady
Adam Kinzinger,R,IL-16,X,,Adam Kinzinger
Cheri Bustos,D,IL-17,X,,Cheri Bustos
Bill Fawell,R,IL-17,X,,Bill Fawell
Junius Rodriguez,D,IL-18,X,,Junius Rodriguez
Darin LaHood,R,IL-18,X,,Darin LaHood
Robin Kelly,D,IL-2,X,,Robin Kelly
David Merkle,R,IL-2,X,,David Merkle
Daniel Lipinski,D,IL-3,X,,Daniel Lipinski
Arthur Jones,R,IL-3,X,,Arthur Jones
Jesus Garcia,D,IL-4,X,,Jesus Garcia
Mark Lorch,R,IL-4,X,,Mark Lorch
Mike Quigley,D,IL-5,X,,Mike Quigley
Tom Hanson,R,IL-5,X,,Tom Hanson
Sean Casten,D,IL-6,X,,Sean Casten
Peter Roskam,R,IL-6,X,,Peter Roskam
Danny K Davis,D,IL-7,X,,Danny K Davis
Craig Cameron,R,IL-7,X,,Craig Cameron
Raja Krishnamoorthi,D,IL-8,X,,Raja Krishnamoorthi
Jitendra Diganvker,R,IL-8,X,,Jitendra Diganvker
Jan Schakowsky,D,IL-9,X,,Jan Schakowsky
John Elleson,R,IL-9,X,,John Elleson
Pete Visclosky,D,IN-1,X,,Pete Visclosky
Mark Leyva,R,IN-1,X,,Mark Leyva
Mel Hall,D,IN-2,X,,Mel Hall
Jackie Walorski,R,IN-2,X,,Jackie Walorski
Courtney Tritch,D,IN-3,X,,Courtney Tritch
Jim Banks,R,IN-3,X,,Jim Banks
Tobi Beck,D,IN-4,X,,Tobi Beck
Jim Baird,R,IN-4,X,,Jim Baird
Deirdre Thornton,D,IN-5,X,,Deirdre Thornton
Susan Brooks,R,IN-5,X,,Susan Brooks
Jeannine Lee Lake,D,IN-6,X,,Jeannine Lee Lake
Greg Pence,R,IN-6,X,,Greg Pence
Andre Carson,D,IN-7,X,,Andre Carson
Wayne Harmon,R,IN-7,X,,Wayne Harmon
William Tanoos,D,IN-8,X,,William Tanoos
Larry Bucshon,R,IN-8,X,,Larry Bucshon
Liz Watson,D,IN-9,X,,Liz Watson
Trey Hollingsworth,R,IN-9,X,,Trey Hollingsworth
Alan LaPolice,D,KS-1,X,,Alan LaPolice
Roger Marshall,R,KS-1,X,,Roger Marshall
Paul Davis,D,KS-2,X,,Paul Davis
Steve Watkins,R,KS-2,X,,Steve Watkins
Sharice Davids,D,KS-3,X,,Sharice Davids
Kevin Yoder,R,KS-3,X,,Kevin Yoder
James Thompson,D,KS-4,X,,James Thompson
Ron Estes,R,KS-4,X,,Ron Estes
Paul Walker,D,KY-1,X,,Paul Walker
James Comer,R,KY-1,X,,James Comer
Hank Linderman,D,KY-2,X,,Hank Linderman
Brett Guthrie,R,KY-2,X,,Brett Guthrie
John A Yarmuth,D,KY-3,X,,John A Yarmuth
Vickie Glisson,R,KY-3,X,,Vickie Glisson
Seth Hall,D,KY-4,X,,Seth Hall
Thomas Massie,R,KY-4,X,,Thomas Massie
Kenneth Stepp,D,KY-5,X,,Kenneth Stepp
Hal Rogers,R,KY-5,X,,Hal Rogers
Amy McGrath,D,KY-6,X,,Amy McGrath
Andy Barr,R,KY-6,X,,Andy Barr
Richard Neal,D,MA-1,X,,Richard Neal
Jim McGovern,D,MA-2,X,,Jim McGovern
Tracy Lovvorn,R,MA-2,X,,Tracy Lovvorn
Lori Trahan,D,MA-3,,X,Lori Trahan
Rick Green,R,MA-3,X,,Rick Green
Joe Kennedy,D,MA-4,X,,Joe Kennedy
Katherine Clark,D,MA-5,X,,Katherine Clark
John Hugo,R,MA-5,X,,John Hugo
Seth Moulton,D,MA-6,X,,Seth Moulton
Joseph Schneider,R,MA-6,X,,Joseph Schneider
Ayanna Pressley,D,MA-7,X,,Ayanna Pressley
Stephen Lynch,D,MA-8,X,,Stephen Lynch
Bill Keating,D,MA-9,X,,Bill Keating
Peter Tedeschi,R,MA-9,X,,Peter Tedeschi
Jesse Colvin,D,MD-1,X,,Jesse Colvin
Andy Harris,R,MD-1,X,,Andy Harris
Dutch Ruppersberger,D,MD-2,X,,Dutch Ruppersberger
Liz Matory,R,MD-2,X,,Liz Matory
John Sarbanes,D,MD-3,X,,John Sarbanes
Charles Anthony,R,MD-3,X,,Charles Anthony
Anthony Brown,D,MD-4,X,,Anthony Brown
George McDermott,R,MD-4,X,,George McDermott
Steny H Hoyer,D,MD-5,X,,Steny H Hoyer
William Devine,R,MD-5,X,,William Devine
David Trone,D,MD-6,X,,David Trone
Amie Hoeber,R,MD-6,X,,Amie Hoeber
Elijah E Cummings,D,MD-7,X,,Elijah E Cummings
Richmond Davis,R,MD-7,X,,Richmond Davis
Jamie Raskin,D,MD-8,X,,Jamie Raskin
John Walsh,R,MD-8,X,,John Walsh
Chellie Pingree,D,ME-1,X,,Chellie Pingree
Mark Holbrook,R,ME-1,X,,Mark Holbrook
Jared Golden,D,ME-2,X,,Jared Golden
Bruce Poliquin,R,ME-2,X,,Bruce Poliquin
Matt Morgan,D,MI-1,X,,Matt Morgan
John Bergman,R,MI-1,X,,John Bergman
Kimberly Bizon,D,MI-10,X,,Kimberly Bizon
Paul Mitchell,R,MI-10,X,,Paul Mitchell
Haley Stevens,D,MI-11,X,,Haley Stevens
Lena Epstein,R,MI-11,X,,Lena Epstein
Debbie Dingell,D,MI-12,X,,Debbie Dingell
Jeff Jones,R,MI-12,X,,Jeff Jones
Rashida Tlaib,D,MI-13,X,,Rashida Tlaib
Brenda Lawrence,D,MI-14,X,,Brenda Lawrence
Marc Herschfus,R,MI-14,X,,Marc Herschfus
Rob Davidson,D,MI-2,X,,Rob Davidson
Bill Huizenga,R,MI-2,X,,Bill Huizenga
Catherine Albro,D,MI-3,X,,Catherine Albro
Justin Amash,R,MI-3,X,,Justin Amash
Jerome C Hilliard,D,MI-4,X,,Jerome C Hilliard
John Moolenaar,R,MI-4,X,,John Moolenaar
Dan Kildee,D,MI-5,X,,Dan Kildee
Travis Wines,R,MI-5,X,,Travis Wines
Matt Longjohn,D,MI-6,X,,Matt Longjohn
Fred Upton,R,MI-6,X,,Fred Upton
Gretchen Driskell,D,MI-7,X,,Gretchen Driskell
Tim Walberg,R,MI-7,X,,Tim Walberg
Elissa Slotkin,D,MI-8,X,,Elissa Slotkin
Mike Bishop,R,MI-8,X,,Mike Bishop
Andy Levin,D,MI-9,X,,Andy Levin
Candius Stearns,R,MI-9,X,,Candius Stearns
Daniel Feehan,D,MN-1,X,,Daniel Feehan
Jim Hagedorn,R,MN-1,X,,Jim Hagedorn
Angie Craig,D,MN-2,X,,Angie Craig
Jason Lewis,R,MN-2,X,,Jason Lewis
Dean Phillips,D,MN-3,X,,Dean Phillips
Erik Paulsen,R,MN-3,X,,Erik Paulsen
Betty McCollum,D,MN-4,X,,Betty McCollum
Greg Ryan,R,MN-4,X,,Greg Ryan
Ilhan Omar,D,MN-5,X,,Ilhan Omar
Jennifer L Zielinski,R,MN-5,X,,Jennifer L Zielinski
Ian Todd,D,MN-6,X,,Ian Todd
Tom Emmer,R,MN-6,X,,Tom Emmer
Collin Peterson,D,MN-7,X,,Collin Peterson
Dave Hughes,R,MN-7,X,,Dave Hughes
Joe Radinovich,D,MN-8,X,,Joe Radinovich
Pete Stauber,R,MN-8,X,,Pete Stauber
William L Clay Jr.,D,MO-1,X,,William L Clay Jr.
Robert Vroman,R,MO-1,X,,Robert Vroman
Cort Vanostran,D,MO-2,X,,Cort Vanostran
Ann L Wagner,R,MO-2,X,,Ann L Wagner
Katy Geppert,D,MO-3,X,,Katy Geppert
Blaine Luetkemeyer,R,MO-3,X,,Blaine Luetkemeyer
Renee Hoagenson,D,MO-4,X,,Renee Hoagenson
Vicky Hartzler,R,MO-4,X,,Vicky Hartzler
Emanuel Cleaver,D,MO-5,X,,Emanuel Cleaver
Jacob Turk,R,MO-5,X,,Jacob Turk
Henry Martin,D,MO-6,X,,Henry Martin
Sam Graves,R,MO-6,X,,Sam Graves
Jamie Schoolcraft,D,MO-7,X,,Jamie Schoolcraft
Billy Long,R,MO-7,X,,Billy Long
Kathryn Ellis,D,MO-8,X,,Kathryn Ellis
Jason Smith,R,MO-8,X,,Jason Smith
Randy Wadkins,D,MS-1,X,,Randy Wadkins
Trent Kelly,R,MS-1,X,,Trent Kelly
Bennie G Thompson,D,MS-2,X,,Bennie G Thompson
Michael Ted Evans,D,MS-3,X,,Michael Ted Evans
Michael Guest,R,MS-3,X,,Michael Guest
Jeramey Anderson,D,MS-4,X,,Jeramey Anderson
Steven Palazzo,R,MS-4,X,,Steven Palazzo
Kathleen Williams,D,MT-1,X,,Kathleen Williams
Greg Gianforte,R,MT-1,X,,Greg Gianforte
G K Butterfield,D,NC-1,X,,G K Butterfield
Roger Allison,R,NC-1,X,,Roger Allison
Dennis Macek,D,NC-10,X,,Dennis Macek
Patrick McHenry,R,NC-10,X,,Patrick McHenry
Phillip Price,D,NC-11,X,,Phillip Price
Mark R Meadows,R,NC-11,X,,Mark R Meadows
Alma Adams,D,NC-12,X,,Alma Adams
Paul Wright,D,NC-12,X,,Paul Wright
Kathy Manning,D,NC-13,X,,Kathy Manning
Ted Budd,R,NC-13,X,,Ted Budd
Linda Coleman,D,NC-2,X,,Linda Coleman
George Holding,R,NC-2,X,,George Holding
Walter B Jones Jr.,R,NC-3,X,,Walter B Jones Jr.
David Price,D,NC-4,X,,David Price
Steve Loor,R,NC-4,X,,Steve Loor
Denise Darcel Adams,D,NC-5,X,,Denise Darcel Adams
Virginia Foxx,R,NC-5,X,,Virginia Foxx
Ryan Watts,D,NC-6,X,,Ryan Watts
Mark Walker,R,NC-6,X,,Mark Walker
Kyle Horton,D,NC-7,X,,Kyle Horton
David Rouzer,R,NC-7,X,,David Rouzer
Frank McNeill,D,NC-8,X,,Frank McNeill
Richard Hudson,R,NC-8,X,,Richard Hudson
Dan McCready,D,NC-9,X,,Dan McCready
Mark Harris,R,NC-9,X,,Mark Harris
Mac Schneider,D,ND-1,X,,Mac Schneider
Kelly Armstrong,R,ND-1,X,,Kelly Armstrong
Jessica McClure,D,NE-1,X,,Jessica McClure
Jeff Fortenberry,R,NE-1,X,,Jeff Fortenberry
Kara Eastman,D,NE-2,X,,Kara Eastman
Don Bacon,R,NE-2,X,,Don Bacon
Paul Theobald,D,NE-3,X,,Paul Theobald
Adrian Smith,R,NE-3,X,,Adrian Smith
Don Norcross,D,NJ-1,X,,Don Norcross
Paul Dilks,R,NJ-1,X,,Paul Dilks
Donald M Payne Jr.,D,NJ-10,X,,Donald M Payne Jr.
Agha Khan,R,NJ-10,X,,Agha Khan
Mikie Sherrill,D,NJ-11,X,,Mikie Sherrill
Jay Webber,R,NJ-11,X,,Jay Webber
Bonnie Coleman,D,NJ-12,X,,Bonnie Coleman
Daryl Kipnis,R,NJ-12,X,,Daryl Kipnis
Jeff Van Drew,D,NJ-2,X,,Jeff Van Drew
Seth Grossman,R,NJ-2,X,,Seth Grossman
Andy Kim,D,NJ-3,X,,Andy Kim
Thomas MacArthur,R,NJ-3,X,,Thomas MacArthur
Josh Welle,D,NJ-4,X,,Josh Welle
Chris Smith,R,NJ-4,X,,Chris Smith
Josh Gottheimer,D,NJ-5,X,,Josh Gottheimer
John McCann,R,NJ-5,X,,John McCann
Frank Pallone Jr.,D,NJ-6,X,,Frank Pallone Jr.
Rich Pezzullo,R,NJ-6,X,,Rich Pezzullo
Tom Malinowski,D,NJ-7,X,,Tom Malinowski
Leonard Lance,R,NJ-7,X,,Leonard Lance
Albio Sires,D,NJ-8,X,,Albio Sires
John Muniz,R,NJ-8,X,,John Muniz
Bill Pascrell Jr.,D,NJ-9,X,,Bill Pascrell Jr.
Eric Fisher,R,NJ-9,X,,Eric Fisher
Debra Haaland,D,NM-1,X,,Debra Haaland
Janice Arnold-Jones,R,NM-1,X,,Janice Arnold-Jones
Xochitl Torres Small,D,NM-2,X,,Xochitl Torres Small
Yvette Herrell,R,NM-2,X,,Yvette Herrell
Ben R Lujan,D,NM-3,X,,Ben R Lujan
Jerald Steve McFall,R,NM-3,X,,Jerald Steve McFall
Dina Titus,D,NV-1,X,,Dina Titus
Joyce Bentley,R,NV-1,X,,Joyce Bentley
Clint Koble,D,NV-2,X,,Clint Koble
Mark Amodei,R,NV-2,X,,Mark Amodei
Susie Lee,D,NV-3,X,,Susie Lee
Danny Tarkanian,R,NV-3,X,,Danny Tarkanian
Steven Horsford,D,NV-4,X,,Steven Horsford
Cresent Hardy,R,NV-4,X,,Cresent Hardy
Perry Gershon,D,NY-1,X,,Perry Gershon
Lee Zeldin,R,NY-1,X,,Lee Zeldin
Jerrold Nadler,D,NY-10,X,,Jerrold Nadler
Naomi Levin,R,NY-10,X,,Naomi Levin
Max Rose,D,NY-11,X,,Max Rose
Dan Donovan,R,NY-11,X,,Dan Donovan
Carolyn B Maloney,D,NY-12,X,,Carolyn B Maloney
Eliot Rabin,R,NY-12,X,,Eliot Rabin
Adriano Espaillat,D,NY-13,X,,Adriano Espaillat
Jineea Butler,R,NY-13,X,,Jineea Butler
Alexandria Ocasio-Cortez,D,NY-14,X,,Alexandria Ocasio-Cortez
Anthony Pappas,R,NY-14,X,,Anthony Pappas
Jose E Serrano,D,NY-15,X,,Jose E Serrano
Jason Gonzalez,R,NY-15,X,,Jason Gonzalez
Eliot L Engel,D,NY-16,X,,Eliot L Engel
Nita M Lowey,D,NY-17,X,,Nita M Lowey
Sean Patrick Maloney,D,NY-18,X,,Sean Patrick Maloney
James O'Donnell,R,NY-18,X,,James O'Donnell
Antonio Delgado,D,NY-19,X,,Antonio Delgado
John Faso,R,NY-19,X,,John Faso
Liuba Grechen Shirley,D,NY-2,X,,Liuba Grechen Shirley
Pete King,R,NY-2,X,,Pete King
Paul Tonko,D,NY-20,X,,Paul Tonko
Francis Vitollo,R,NY-20,X,,Francis Vitollo
Tedra Cobb,D,NY-21,X,,Tedra Cobb
Elise Stefanik,R,NY-21,X,,Elise Stefanik
Anthony Brindisi,D,NY-22,X,,Anthony Brindisi
Claudia Tenney,R,NY-22,X,,Claudia Tenney
Tracy Mitrano,D,NY-23,X,,Tracy Mitrano
Tom Reed,R,NY-23,X,,Tom Reed
Dana Balter,D,NY-24,X,,Dana Balter
John Katko,R,NY-24,X,,John Katko
Joseph D Morelle,D,NY-25,X,,Joseph D Morelle
Jim Maxwell,R,NY-25,X,,Jim Maxwell
Brian M Higgins,D,NY-26,X,,Brian M Higgins
Renee Zeno,R,NY-26,X,,Renee Zeno
Nate McMurray,D,NY-27,X,,Nate McMurray
Chris Collins,R,NY-27,X,,Chris Collins
Tom Suozzi,D,NY-3,X,,Tom Suozzi
Dan Debono,R,NY-3,X,,Dan Debono
Kathleen Rice,D,NY-4,X,,Kathleen Rice
Ameer Benno,R,NY-4,X,,Ameer Benno
Gregory W Meeks,D,NY-5,X,,Gregory W Meeks
Grace Meng,D,NY-6,X,,Grace Meng
Nydia M Velazquez,D,NY-7,X,,Nydia M Velazquez
Hakeem Jeffries,D,NY-8,X,,Hakeem Jeffries
Yvette D Clarke,D,NY-9,X,,Yvette D Clarke
Lutchi Gayot,R,NY-9,X,,Lutchi Gayot
Aftab Pureval,D,OH-1,X,,Aftab Pureval
Steve Chabot,R,OH-1,X,,Steve Chabot
Theresa Gasper,D,OH-10,X,,Theresa Gasper
Michael R Turner,R,OH-10,X,,Michael R Turner
Marcia L Fudge,D,OH-11,X,,Marcia L Fudge
Beverly Goldstein,R,OH-11,X,,Beverly Goldstein
Danny O'Connor,D,OH-12,X,,Danny O'Connor
Troy Balderson,R,OH-12,X,,Troy Balderson
Tim Ryan,D,OH-13,X,,Tim Ryan
Chris Depizzo,R,OH-13,X,,Chris Depizzo
Betsy Rader,D,OH-14,X,,Betsy Rader
David P Joyce,R,OH-14,X,,David P Joyce
Rick Neal,D,OH-15,X,,Rick Neal
Steve Stivers,R,OH-15,X,,Steve Stivers
Susan Palmer,D,OH-16,X,,Susan Palmer
Anthony Gonzalez,R,OH-16,X,,Anthony Gonzalez
Jill Schiller,D,OH-2,X,,Jill Schiller
Brad Wenstrup,R,OH-2,X,,Brad Wenstrup
Joyce Beatty,D,OH-3,X,,Joyce Beatty
Jim Burgess,R,OH-3,X,,Jim Burgess
Janet Garrett,D,OH-4,X,,Janet Garrett
Jim Jordan,R,OH-4,X,,Jim Jordan
John Michael Galbraith,D,OH-5,X,,John Michael Galbraith
Robert E Latta,R,OH-5,X,,Robert E Latta
Shawna Roberts,D,OH-6,X,,Shawna Roberts
Bill Johnson,R,OH-6,X,,Bill Johnson
Ken Harbaugh,D,OH-7,X,,Ken Harbaugh
Bob Gibbs,R,OH-7,X,,Bob Gibbs
Vanessa Enoch,D,OH-8,X,,Vanessa Enoch
Warren Davidson,R,OH-8,X,,Warren Davidson
Marcy Kaptur,D,OH-9,X,,Marcy Kaptur
Steven Kraus,R,OH-9,X,,Steven Kraus
Tim Gilpin,D,OK-1,X,,Tim Gilpin
Tim Harris,R,OK-1,,X,Tim Harris
Kevin Hern,R,OK-1,X,,Kevin Hern
Jason Nichols,D,OK-2,,X,Jason Nichols
Jason Nichols,D,OK-2,X,,Jason Nichols
Markwayne Mullin,R,OK-2,X,,Markwayne Mullin
Markwayne Mullin,R,OK-2,X,,Markwayne Mullin
Frankie Robbins,D,OK-3,X,,Frankie Robbins
Frankie Robbins,D,OK-3,X,,Frankie Robbins
Frank D Lucas,R,OK-3,X,,Frank D Lucas
Frank Lucas,R,OK-3,X,,Frank Lucas
Mary Brannon,D,OK-4,X,,Mary Brannon
Tom Cole,R,OK-4,X,,Tom Cole
Tom Cole,R,OK-4,X,,Tom Cole
Kendra Horn,D,OK-5,,X,Kendra Horn
Kendra Horn,D,OK-5,X,,Kendra Horn
Steven Russell,R,OK-5,X,,Steven Russell
Steve Russell,R,OK-5,X,,Steve Russell
Suzanne Bonamici,D,OR-1,X,,Suzanne Bonamici
John Verbeek,R,OR-1,X,,John Verbeek
Jamie McLeod-Skinner,D,OR-2,X,,Jamie McLeod-Skinner
Greg Walden,R,OR-2,X,,Greg Walden
Earl Blumenauer,D,OR-3,X,,Earl Blumenauer
Peter DeFazio,D,OR-4,X,,Peter DeFazio
Art Robinson,R,OR-4,X,,Art Robinson
Kurt Schrader,D,OR-5,X,,Kurt Schrader
Mark Callahan,R,OR-5,X,,Mark Callahan
Scott Wallace,D,PA-1,X,,Scott Wallace
Brian Fitzpatrick,R,PA-1,X,,Brian Fitzpatrick
George Scott,D,PA-10,X,,George Scott
Scott Perry,R,PA-10,X,,Scott Perry
Jess King,D,PA-11,X,,Jess King
Lloyd Smucker,R,PA-11,X,,Lloyd Smucker
Marc Friedenberg,D,PA-12,X,,Marc Friedenberg
Tom Marino,R,PA-12,X,,Tom Marino
Brent Ottaway,D,PA-13,X,,Brent Ottaway
John Joyce,R,PA-13,X,,John Joyce
Bibiana Boerio,D,PA-14,X,,Bibiana Boerio
Guy Reschenthaler,R,PA-14,X,,Guy Reschenthaler
Susan Boser,D,PA-15,X,,Susan Boser
Glenn Thompson,R,PA-15,X,,Glenn Thompson
Ron DiNicola,D,PA-16,X,,Ron DiNicola
Mike Kelly,R,PA-16,X,,Mike Kelly
Conor Lamb,D,PA-17,X,,Conor Lamb
Keith Rothfus,R,PA-17,X,,Keith Rothfus
Mike Doyle,D,PA-18,X,,Mike Doyle
Brendan Boyle,D,PA-2,X,,Brendan Boyle
David Torres,R,PA-2,X,,David Torres
Dwight Evans,D,PA-3,X,,Dwight Evans
Bryan Leib,R,PA-3,X,,Bryan Leib
Madeleine Dean,D,PA-4,X,,Madeleine Dean
Dan David,R,PA-4,X,,Dan David
Mary Scanlon,D,PA-5,X,,Mary Scanlon
Pearl Kim,R,PA-5,X,,Pearl Kim
Chrissy Houlahan,D,PA-6,X,,Chrissy Houlahan
Greg McCauley,R,PA-6,X,,Greg McCauley
Susan Wild,D,PA-7,X,,Susan Wild
Marty Nothstein,R,PA-7,X,,Marty Nothstein
Matt Cartwright,D,PA-8,X,,Matt Cartwright
John Chrin,R,PA-8,X,,John Chrin
Denny Wolff,D,PA-9,X,,Denny Wolff
Dan Meuser,R,PA-9,X,,Dan Meuser
David Cicilline,D,RI-1,X,,David Cicilline
Patrick Donovan,R,RI-1,X,,Patrick Donovan
Jim Langevin,D,RI-2,X,,Jim Langevin
Salvatore Caiozzo,R,RI-2,X,,Salvatore Caiozzo
Joe Cunningham,D,SC-1,X,,Joe Cunningham
Katherine Arrington,R,SC-1,X,,Katherine Arrington
Sean Carrigan,D,SC-2,X,,Sean Carrigan
Joe Wilson,R,SC-2,X,,Joe Wilson
Mary Geren,D,SC-3,X,,Mary Geren
Jeff Duncan,R,SC-3,X,,Jeff Duncan
Brandon Brown,D,SC-4,X,,Brandon Brown
William Timmons,R,SC-4,X,,William Timmons
Archie Parnell,D,SC-5,X,,Archie Parnell
Ralph Norman,R,SC-5,X,,Ralph Norman
James E Clyburn,D,SC-6,X,,James E Clyburn
Gerhard Gressmann,R,SC-6,X,,Gerhard Gressmann
Robert Williams,D,SC-7,X,,Robert Williams
Tom Rice,R,SC-7,X,,Tom Rice
Tim Bjorkman,D,SD-1,X,,Tim Bjorkman
Dusty Johnson,R,SD-1,X,,Dusty Johnson
Martin Olsen,D,TN-1,X,,Martin Olsen
Phil Roe,R,TN-1,X,,Phil Roe
Renee Hoyos,D,TN-2,X,,Renee Hoyos
Tim Burchett,R,TN-2,X,,Tim Burchett
Danielle Mitchell,D,TN-3,X,,Danielle Mitchell
Chuck Fleischmann,R,TN-3,X,,Chuck Fleischmann
Mariah Phillips,D,TN-4,X,,Mariah Phillips
Scott Desjarlais,R,TN-4,X,,Scott Desjarlais
Jim Cooper,D,TN-5,X,,Jim Cooper
Jody Ball,R,TN-5,X,,Jody Ball
Dawn Barlow,D,TN-6,X,,Dawn Barlow
John Rose,R,TN-6,X,,John Rose
Justin Kanew,D,TN-7,X,,Justin Kanew
Mark Green,R,TN-7,X,,Mark Green
Erika Stotts Pearson,D,TN-8,X,,Erika Stotts Pearson
David Kustoff,R,TN-8,X,,David Kustoff
Steve Cohen,D,TN-9,X,,Steve Cohen
Charlotte Bergmann,R,TN-9,X,,Charlotte Bergmann
Shirley McKellar,D,TX-1,X,,Shirley McKellar
Louis B Gohmert Jr.,R,TX-1,X,,Louis B Gohmert Jr.
Mike Siegel,D,TX-10,X,,Mike Siegel
Michael McCaul,R,TX-10,X,,Michael McCaul
Jennie Lou Leeder,D,TX-11,X,,Jennie Lou Leeder
Mike Conaway,R,TX-11,X,,Mike Conaway
Vanessa Adia,D,TX-12,X,,Vanessa Adia
Kay Granger,R,TX-12,X,,Kay Granger
Greg Sagan,D,TX-13,X,,Greg Sagan
Mac Thornberry,R,TX-13,X,,Mac Thornberry
Adrienne Bell,D,TX-14,X,,Adrienne Bell
Randy Weber,R,TX-14,X,,Randy Weber
Vicente Gonzalez,D,TX-15,X,,Vicente Gonzalez
Tim Westley,R,TX-15,X,,Tim Westley
Veronica Escobar,D,TX-16,X,,Veronica Escobar
Rick Seeberger,R,TX-16,X,,Rick Seeberger
Rick Kennedy,D,TX-17,X,,Rick Kennedy
Bill Flores,R,TX-17,X,,Bill Flores
Sheila Jackson Lee,D,TX-18,X,,Sheila Jackson Lee
Ava Pate,R,TX-18,X,,Ava Pate
Miguel Levario,D,TX-19,X,,Miguel Levario
Jodey Arrington,R,TX-19,X,,Jodey Arrington
Todd Litton,D,TX-2,X,,Todd Litton
Dan Crenshaw,R,TX-2,X,,Dan Crenshaw
Joaquin Castro,D,TX-20,X,,Joaquin Castro
Joseph Kopser,D,TX-21,X,,Joseph Kopser
Chip Roy,R,TX-21,X,,Chip Roy
Sri Kulkarni,D,TX-22,X,,Sri Kulkarni
Pete Olson,R,TX-22,X,,Pete Olson
Gina Jones,D,TX-23,X,,Gina Jones
Will Hurd,R,TX-23,X,,Will Hurd
Jan McDowell,D,TX-24,X,,Jan McDowell
Kenny Marchant,R,TX-24,X,,Kenny Marchant
Julie Oliver,D,TX-25,X,,Julie Oliver
Roger Williams,R,TX-25,X,,Roger Williams
Linsey Fagan,D,TX-26,X,,Linsey Fagan
Michael Burgess,R,TX-26,X,,Michael Burgess
Eric Holguin,D,TX-27,X,,Eric Holguin
Michael Cloud,R,TX-27,X,,Michael Cloud
Henry Cuellar,D,TX-28,X,,Henry Cuellar
Sylvia Garcia,D,TX-29,X,,Sylvia Garcia
Phillip Aronoff,R,TX-29,X,,Phillip Aronoff
Lorie Burch,D,TX-3,X,,Lorie Burch
Van Taylor,R,TX-3,X,,Van Taylor
Eddie Bernice Johnson,D,TX-30,X,,Eddie Bernice Johnson
Mary Jennings Hegar,D,TX-31,X,,Mary Jennings Hegar
John Carter,R,TX-31,X,,John Carter
Colin Allred,D,TX-32,X,,Colin Allred
Pete Sessions,R,TX-32,X,,Pete Sessions
Marc Veasey,D,TX-33,X,,Marc Veasey
Willie Billups,R,TX-33,X,,Willie Billups
Filemon Vela,D,TX-34,X,,Filemon Vela
Rey Gonzalez,R,TX-34,X,,Rey Gonzalez
Lloyd Doggett,D,TX-35,X,,Lloyd Doggett
David Smalling,R,TX-35,X,,David Smalling
Dayna Steele,D,TX-36,X,,Dayna Steele
Brian Babin,R,TX-36,X,,Brian Babin
Catherine Krantz,D,TX-4,X,,Catherine Krantz
John Lee Ratcliffe,R,TX-4,X,,John Lee Ratcliffe
Dan Wood,D,TX-5,X,,Dan Wood
Lance Gooden,R,TX-5,X,,Lance Gooden
Jana Lynne Sanchez,D,TX-6,X,,Jana Lynne Sanchez
Ron Wright,R,TX-6,X,,Ron Wright
Lizzie Fletcher,D,TX-7,X,,Lizzie Fletcher
John Culberson,R,TX-7,X,,John Culberson
Steven David,D,TX-8,X,,Steven David
Kevin Brady,R,TX-8,X,,Kevin Brady
Al Green,D,TX-9,X,,Al Green
Lee Castillo,D,UT-1,X,,Lee Castillo
Rob Bishop,R,UT-1,X,,Rob Bishop
Shireen Ghorbani,D,UT-2,X,,Shireen Ghorbani
Chris Stewart,R,UT-2,X,,Chris Stewart
James Singer,D,UT-3,X,,James Singer
John Curtis,R,UT-3,X,,John Curtis
Ben McAdams,D,UT-4,X,,Ben McAdams
Mia Love,R,UT-4,X,,Mia Love
Vangie Williams,D,VA-1,X,,Vangie Williams
Rob Wittman,R,VA-1,X,,Rob Wittman
Jennifer Wexton,D,VA-10,X,,Jennifer Wexton
Barbara Comstock,R,VA-10,X,,Barbara Comstock
Gerry Connolly,D,VA-11,X,,Gerry Connolly
Jeff Dove,R,VA-11,X,,Jeff Dove
Elaine Luria,D,VA-2,X,,Elaine Luria
Scott W Taylor,R,VA-2,X,,Scott W Taylor
Bobby Scott,D,VA-3,X,,Bobby Scott
Donald McEachin,D,VA-4,X,,Donald McEachin
Ryan McAdams,R,VA-4,X,,Ryan McAdams
Leslie Cockburn,D,VA-5,X,,Leslie Cockburn
Denver Riggleman,R,VA-5,X,,Denver Riggleman
Jennifer Lewis,D,VA-6,X,,Jennifer Lewis
Ben Cline,R,VA-6,X,,Ben Cline
Abigail Spanberger,D,VA-7,X,,Abigail Spanberger
Dave Brat,R,VA-7,X,,Dave Brat
Don Beyer,D,VA-8,X,,Don Beyer
Thomas Oh,R,VA-8,X,,Thomas Oh
Anthony Flaccavento,D,VA-9,X,,Anthony Flaccavento
Morgan Griffith,R,VA-9,X,,Morgan Griffith
Peter Welch,D,VT-1,X,,Peter Welch
Brooke Paige,R,VT-1,X,,Brooke Paige
Suzan DelBene,D,WA-1,X,,Suzan DelBene
Jeffrey Beeler,R,WA-1,X,,Jeffrey Beeler
Dennis Heck,D,WA-10,X,,Dennis Heck
Joseph Brumbles,R,WA-10,X,,Joseph Brumbles
Rick Larsen,D,WA-2,X,,Rick Larsen
Carolyn Long,D,WA-3,X,,Carolyn Long
Jaime Herrera Beutler,R,WA-3,X,,Jaime Herrera Beutler
Christine Brown,D,WA-4,X,,Christine Brown
Dan Newhouse,R,WA-4,X,,Dan Newhouse
Lisa Brown,D,WA-5,X,,Lisa Brown
Cathy McMorris Rodgers,R,WA-5,X,,Cathy McMorris Rodgers
Derek Kilmer,D,WA-6,X,,Derek Kilmer
Douglas Dightman,R,WA-6,X,,Douglas Dightman
Pramila Jayapal,D,WA-7,X,,Pramila Jayapal
Craig Keller,R,WA-7,X,,Craig Keller
Kim Schrier,D,WA-8,X,,Kim Schrier
Dino Rossi,R,WA-8,X,,Dino Rossi
Adam Smith,D,WA-9,X,,Adam Smith
Sarah Smith,D,WA-9,X,,Sarah Smith
Randy Bryce,D,WI-1,X,,Randy Bryce
Bryan Steil,R,WI-1,X,,Bryan Steil
Mark Pocan,D,WI-2,X,,Mark Pocan
Ron Kind,D,WI-3,X,,Ron Kind
Steve Toft,R,WI-3,X,,Steve Toft
Gwen Moore,D,WI-4,X,,Gwen Moore
Tim Rogers,R,WI-4,X,,Tim Rogers
Tom Palzewicz,D,WI-5,X,,Tom Palzewicz
F James Sensenbrenner Jr.,R,WI-5,X,,F James Sensenbrenner Jr.
Dan Kohl,D,WI-6,X,,Dan Kohl
Glenn S Grothman,R,WI-6,X,,Glenn S Grothman
Margaret Engebretson,D,WI-7,X,,Margaret Engebretson
Sean P Duffy,R,WI-7,X,,Sean P Duffy
Beau Liegeois,D,WI-8,X,,Beau Liegeois
Mike Gallagher,R,WI-8,X,,Mike Gallagher
Kendra Fershee,D,WV-1,X,,Kendra Fershee
David McKinley,R,WV-1,X,,David McKinley
Talley Sergent,D,WV-2,X,,Talley Sergent
Alex Mooney,R,WV-2,X,,Alex Mooney
Richard Ojeda,D,WV-3,X,,Richard Ojeda
Carol Miller,R,WV-3,X,,Carol Miller
Greg Hunter,D,WY-1,X,,Greg Hunter
Liz Cheney,R,WY-1,X,,Liz Cheney
Chris Pappas,D,NH-1,X,,Chris Pappas
Eddie Edwards,R,NH-1,X,,Eddie Edwards
Ann Kuster,D,NH-2,X,,Ann Kuster
Steven Negron,R,NH-2,X,,Steven Negron