os_name,fec_name,district,party,receipts
Martha Roby,"ROBY, MARTHA",AL-2,R,2186212.91
Tabitha Isner,"ISNER, TABITHA KAY",AL-2,D,240069.13
Mallory Hagan,"HAGAN, MALLORY",AL-3,D,178348.86
Mike D Rogers,"ROGERS, MICHAEL",AL-3,R,959572.26
Peter Joffrion,"JOFFRION, PETER S.",AL-5,D,315758.65
Mo Brooks,"BROOKS, MO",AL-5,R,1255198.87
Gary Palmer,"PALMER, GARY",AL-6,R,887496.75
Danner Kline,"KLINE, DANNER",AL-6,D,179719.06
Terri A Sewell,"SEWELL, TERRI A.",AL-7,D,1331536.97
Rick Crawford,"CRAWFORD, ERIC ALAN RICK",AR-1,R,748933.32
Chintan Desai,"DESAI, CHINTAN",AR-1,D,54976.38
Steve Womack,"WOMACK, STEVE",AR-3,R,852724.55
Josh Mahony,"MAHONY, JOSH",AR-3,D,156971.74
Tony Cardenas,"CARDENAS, TONY",CA-29,D,1230355.60
Benny Bernal,"BERNAL, BENITO BENNY",CA-29,R,3800.00
Katie Porter,"PORTER, KATHERINE",CA-45,D,2083717.55
Mimi Walters,"WALTERS, MIMI",CA-45,R,2934611.03
Audrey Denney,"DENNEY, AUDREY",CA-1,D,342954.92
Doug LaMalfa,"LAMALFA, DOUG",CA-1,R,591492.08
Ami Bera,"BERA, AMERISH",CA-7,D,2201131.62
Andrew Grant,"GRANT, ANDREW",CA-7,R,373086.78
John Garamendi,"GARAMENDI, JOHN",CA-3,D,820328.69
Charles Schaupp,"SCHAUPP, CHARLES EUGENE",CA-3,R,25404.50
Doris O Matsui,"MATSUI, DORIS",CA-6,D,831650.28
Jrmar Jefferson,"MATSUI, DORIS",CA-6,D,831650.28
Lisa Remmer,"REMMER, LISA",CA-12,R,14635.00
Nancy Pelosi,"PELOSI, NANCY",CA-12,D,3364124.23
Mark Desaulnier,"DESAULNIER, MARK",CA-11,D,451857.31
John Fitzgerald,"GOEHRING, BRAD",CA-11,R,0.00
Josh Harder,"HARDER, JOSH",CA-10,D,2550405.08
Jeff Denham,"DENHAM, JEFF",CA-10,R,3466179.74
Marla Livengood,"LIVENGOOD, MARLA",CA-9,R,51540.50
Jerry McNerney,"MCNERNEY, GERALD MARK",CA-9,D,859917.40
Ro Khanna,"KHANNA, ROHIT",CA-17,D,2203969.98
Ron Cohen,"COHEN, RONALD H",CA-17,R,3446.00
Eric Swalwell,"SWALWELL, ERIC MICHAEL",CA-15,D,2131974.93
Rudy Peters,"PETERS, RUDY PETERS",CA-15,R,16150.00
Elizabeth Heng,"HENG, ELIZABETH",CA-16,R,312732.70
Jim Costa,"COSTA, JIM",CA-16,D,1152895.32
Jimmy Panetta,"PANETTA, JIMMY",CA-20,D,884130.62
Ronald Kabat,"BRUNER, MATTHEW",CA-20,I,0
Julia Brownley,"BROWNLEY, JULIA",CA-26,D,2064450.74
Antonio Sabato Jr.,"SABATO, ANTONIO",CA-26,R,200928.00
Adam Schiff,"SCHIFF, ADAM",CA-28,D,4638216.46
Johnny Nalbandian,"NALBANDIAN, JOHNNY",CA-28,R,17791.00
Judy Chu,"CHU, JUDY",CA-27,D,983200.47
Bryan Witt,"WITT, BRYAN",CA-27,D,8130.10
Grace Napolitano,"NAPOLITANO, GRACE",CA-32,D,242693.81
Kenneth Wright,"WRIGHT, KENNETH",CA-33,R,107351.84
Ted Lieu,"LIEU, TED",CA-33,D,1452393.83
Karen Bass,"BASS, KAREN",CA-37,D,594029.25
Ron Bassilian,"BASSILIAN, RON",CA-37,R,3993.34
Kimberlin Brown Pelzer,"PELZER, KIMBERLIN BROWN",CA-36,R,474386.00
Raul Ruiz,"RUIZ, RAUL DR",CA-36,D,2595292.84
Linda Sanchez,"SANCHEZ, LINDA",CA-38,D,1390209.67
Diane Harkey,"HARKEY, DIANE",CA-49,R,702056.96
Mike Levin,"LEVIN, MIKE",CA-49,D,2615293.27
Susan A Davis,"DAVIS, SUSAN A",CA-53,D,305004.53
Morgan Murtaugh,"MURTAUGH, MORGAN",CA-53,R,32714.84
Duncan D Hunter,"HUNTER, DUNCAN D",CA-50,R,854787.00
Ammar Campa-Najjar,"CAMPA-NAJJAR, AMMAR",CA-50,D,1088270.36
Casper Stockham,"STOCKHAM, CHARLES (CASPER) WESLEY",CO-1,R,13729.04
Diana DeGette,"DEGETTE, DIANA L.",CO-1,D,1021476.12
Kenneth R Buck,"BUCK, KENNETH R",CO-4,R,434693.60
Karen McCormick,"MCCORMICK, KAREN A DVM",CO-4,D,326617.73
Mark Barrington,"BARRINGTON, MARK",CO-7,R,35001.02
Ed Perlmutter,"PERLMUTTER, EDWIN G",CO-7,D,1369332.97
Danny Postemski,"POSTEMSKI, DANNY FRANK MR JR",CT-2,R,0.00
Joe Courtney,"COURTNEY, JOSEPH D",CT-2,D,839714.01
Rosa L DeLauro,"DELAURO, ROSA L",CT-3,D,935675.16
Angel Cadena,"CHENEY, JEFFREY M",CT-3,R,0
Manny Santos,"SANTOS, MANNY",CT-5,R,25859.81
Jahana Hayes,"HAYES, JAHANA",CT-5,D,461098.34
Herman West Jr.,"WEST, HERMAN JR.",GA-2,R,11824.00
Sanford Bishop,"BISHOP, SANFORD D",GA-2,D,782470.65
Rob Woodall,"WOODALL, ROB REP.",GA-7,R,724911.90
Carolyn Bourdeaux,"BOURDEAUX, CAROLYN",GA-7,D,852299.41
Karen Handel,"HANDEL, KAREN CHRISTINE",GA-6,R,7710836.43
Lucy McBath,"MCBATH, LUCIA KAY MS.",GA-6,D,313676.91
Jody B Hice,"HICE, JODY",GA-10,R,438297.30
Tabitha Johnson-Green,"JOHNSON-GREEN, TABITHA",GA-10,D,9452.86
Austin Scott,"SCOTT, JAMES AUSTIN",GA-8,R,694903.50
Doug Collins,"COLLINS, DOUGLAS ALLEN",GA-9,R,994494.96
Josh McCall,"MCCALL, JOSHUA BRAXTON",GA-9,D,49180.61
Tom Graves,"GRAVES, JOHN THOMAS MR. JR.",GA-14,R,1660967.71
Steven Foster,"FOSTER, STEVEN",GA-14,D,11392.00
David Callahan,"CALLAHAN, DAVID ALAN",GA-13,R,9947.00
David Scott,"SCOTT, DAVID ALBERT",GA-13,D,905147.46
Drew Ferguson,"FERGUSON, ANDERSON DREW IV",GA-3,R,910579.78
Chuck Enderlin,"ENDERLIN, CHARLES JOSEPH JR.",GA-3,D,28166.14
Cam Cavasso,"CAVASSO, CAMPBELL",HI-1,R,23158.00
Ed Case,"CASE, ED",HI-1,D,354333.33
Brian Evans,"CAPELOUTO, MARISSA MS",HI-2,R,0
Tulsi Gabbard,"GABBARD, TULSI",HI-2,D,1192079.72
Rod Blum,"BLUM, RODNEY",IA-1,R,1780865.75
Abby Finkenauer,"FINKENAUER, ABBY",IA-1,D,1862401.01
Christopher Peters,"PETERS, CHRISTOPHER",IA-2,R,523323.12
David Loebsack,"LOEBSACK, DAVID WAYNE",IA-2,D,1549155.59
David Young,"YOUNG, DAVID",IA-3,R,1758963.07
Cindy Axne,"AXNE, CINDY",IA-3,D,1076542.69
Russ Fulcher,"FULCHER, RUSS",ID-1,R,612499.23
Cristina McNeil,"MCNEIL, ANA",ID-1,D,5955.55
Mike Simpson,"SIMPSON, MICHAEL",ID-2,R,806869.59
Aaron Swisher,"SWISHER, CARLTON AARON",ID-2,D,67074.89
Bobby L Rush,"RUSH, BOBBY LEE",IL-1,D,267475.00
Jimmy Lee Tillman,"TILLMAN II, JIMMY LEE",IL-1,R,0
Mike Quigley,"QUIGLEY, MIKE",IL-5,D,1014642.25
Tom Hanson,"KAY, DANIEL S (KARKUSIEWICZ)",IL-5,R,0
Danny K Davis,"DAVIS, DANNY K",IL-7,D,289868.35
Sean Casten,"CASTEN, SEAN",IL-6,D,2038971.31
Peter Roskam,"ROSKAM, PETER",IL-6,R,4429669.35
Jitendra Diganvker,"DIGANVKER, JITENDRA JD",IL-8,R,29862.77
Raja Krishnamoorthi,"KRISHNAMOORTHI, S. RAJA",IL-8,D,4286749.37
Douglas Bennett,"BENNETT, DOUGLAS R 1963",IL-10,R,204824.58
Brad Schneider,"SCHNEIDER, BRADLEY SCOTT",IL-10,D,3575696.90
Adam Kinzinger,"KINZINGER, ADAM",IL-16,R,1471155.81
Sara Dady,"DADY, SARA",IL-16,D,214704.88
Randy Hultgren,"HULTGREN, RANDY",IL-14,R,1440427.96
Lauren A Underwood,"UNDERWOOD, LAUREN A",IL-14,D,1129202.81
Rodney Davis,"DAVIS, RODNEY L",IL-13,R,2377519.75
Betsy Dirksen Londrigan,"LONDRIGAN, BETSY DIRKSEN",IL-13,D,1348943.83
John M Shimkus,"SHIMKUS, JOHN M",IL-15,R,1482588.33
Kevin Gaither,"GAITHER, KEVIN",IL-15,D,29622.37
Bill Fawell,"FAWELL, WILLIAM W",IL-17,R,24072.00
Cheri Bustos,"BUSTOS, CHERI",IL-17,D,2872475.45
Junius Rodriguez,"RODRIGUEZ, JUNIUS",IL-18,D,40253.37
Darin LaHood,"LAHOOD, DARIN MCKAY",IL-18,R,1852447.79
Mark Leyva,"IVANOVICH, ROSEANN P.",IN-1,R,9910.32
Pete Visclosky,"VISCLOSKY, PETER J.",IN-1,D,872339.93
Jackie Walorski,"WALORSKI SWIHART, JACKIE",IN-2,R,2062652.93
Mel Hall,"HALL, MEL",IN-2,D,1419241.54
Jim Banks,"BANKS, JAMES E",IN-3,R,765391.28
Courtney Tritch,"TRITCH, COURTNEY",IN-3,D,499736.35
Jim Baird,"BAIRD, JAMES R PHD",IN-4,R,297398.00
Tobi Beck,"BECK, TOBI",IN-4,D,63666.89
Larry Bucshon,"BUCSHON, LARRY D.",IN-8,R,698071.05
William Tanoos,"TANOOS, WILLIAM",IN-8,D,155524.25
Trey Hollingsworth,"HOLLINGSWORTH, TREY",IN-9,R,1150272.68
Liz Watson,"WATSON, LIZ",IN-9,D,1072969.71
Roger Marshall,"MARSHALL, ROGER W",KS-1,R,1104176.63
Alan LaPolice,"LAPOLICE, ALAN",KS-1,D,113071.00
Paul Davis,"DAVIS, PAUL T.",KS-2,D,1607261.61
Steve Watkins,"WATKINS, STEVE",KS-2,R,640158.53
Kevin Yoder,"YODER, KEVIN",KS-3,R,2785787.42
Sharice Davids,"DAVIDS, SHARICE",KS-3,D,345304.14
Ron Estes,"ESTES, RON",KS-4,R,1456437.92
James Thompson,"THOMPSON, JAMES A MR.",KS-4,D,1124988.69
Hal Rogers,"ROGERS, HAROLD DALLAS",KY-5,R,635286.55
Kenneth Stepp,"STEPP, KENNETH STEPHENSON",KY-5,D,1466.00
Andy Barr,"BARR, GARLAND ANDY",KY-6,R,3168918.85
Amy McGrath,"MCGRATH, AMY",KY-6,D,3024975.32
Andy Harris,"HARRIS, ANDREW P",MD-1,R,1239433.80
Jesse Colvin,"COLVIN, JESSE",MD-1,D,691475.94
Liz Matory,"MATORY, LIZ",MD-2,R,10614.42
Dutch Ruppersberger,"RUPPERSBERGER, C.A. DUTCH",MD-2,D,757580.99
Charles Anthony,"PLASTER, MARK LEROY MD",MD-3,R,3000.00
John Sarbanes,"SARBANES, JOHN P. MR.",MD-3,D,856622.57
Steny H Hoyer,"HOYER, STENY",MD-5,D,3104857.04
Amie Hoeber,"HOEBER, AMIE",MD-6,R,292950.53
David Trone,"TRONE, DAVID",MD-6,D,11976390.14
John Bergman,"BERGMAN, JOHN",MI-1,R,943231.63
Bill Huizenga,"HUIZENGA, WILLIAM P",MI-2,R,1590059.85
Rob Davidson,"DAVIDSON, ROBERT MICHAEL DR",MI-2,D,498408.11
Justin Amash,"AMASH, JUSTIN",MI-3,R,556233.74
Catherine Albro,"ALBRO, CATHERINE",MI-3,D,61960.70
Tim Walberg,"WALBERG, TIMOTHY L REP",MI-7,R,1564976.77
Gretchen Driskell,"DRISKELL, GRETCHEN",MI-7,D,1358855.67
Mike Bishop,"BISHOP, MIKE",MI-8,R,2189717.42
Elissa Slotkin,"SLOTKIN, ELISSA",MI-8,D,3034436.97
Andy Levin,"LEVIN, ANDY",MI-9,D,900935.29
Candius Stearns,"STEARNS, CANDIUS MRS.",MI-9,R,217081.00
John Moolenaar,"MOOLENAAR, JOHN MR.",MI-4,R,817254.52
Debbie Dingell,"DINGELL, DEBBIE",MI-12,D,869214.39
Jeff Jones,"JONES, JEFF",MI-12,R,13665.00
Paul Mitchell,"MITCHELL, PAUL III",MI-10,R,540224.49
Kimberly Bizon,"BIZON, KIMBERLY ANN",MI-10,D,32435.00
Rashida Tlaib,"TLAIB, RASHIDA",MI-13,D,1067091.84
Brenda Lawrence,"LAWRENCE, BRENDA LULENAR",MI-14,D,588023.87
Marc Herschfus,"KLAUSNER, HOWARD ANDREW",MI-14,R,0
Jim Hagedorn,"HAGEDORN, JAMES",MN-1,R,847791.91
Daniel Feehan,"FEEHAN, DANIEL",MN-1,D,1132405.32
Betty McCollum,"MCCOLLUM, BETTY",MN-4,D,626948.97
Greg Ryan,"RYAN, GREGORY",MN-4,R,8586.31
Ilhan Omar,"OMAR, ILHAN",MN-5,D,246268.21
Jennifer L Zielinski,"ZIELINSKI, JENNIFER L",MN-5,R,6526.12
Joe Radinovich,"RADINOVICH, JOSEPH",MN-8,D,333198.81
Pete Stauber,"STAUBER, PETE",MN-8,R,960477.83
William L Clay Jr.,"CLAY, WILLIAM LACY JR",MO-1,D,407201.95
Robert Vroman,"ELDER, DANIEL ",MO-1,R,0
Billy Long,"LONG, BILLY MR.",MO-7,R,1226618.29
Jamie Schoolcraft,"SCHOOLCRAFT, JAMIE DANIEL",MO-7,D,13053.66
Blaine Luetkemeyer,"LUETKEMEYER, W BLAINE",MO-3,R,1855498.85
Katy Geppert,"GEPPERT, KATY",MO-3,D,11452.20
Vicky Hartzler,"HARTZLER, VICKY",MO-4,R,840043.86
Renee Hoagenson,"HOAGENSON, SUZANNE RENEE",MO-4,D,241838.95
Sam Graves,"GRAVES, SAMUEL B JR 'SAM'",MO-6,R,1331999.77
Henry Martin,"MARTIN, HENRY ROBERT",MO-6,D,9357.06
Trent Kelly,"KELLY, JOHN TRENT TRENT",MS-1,R,654855.44
Randy Wadkins,"WADKINS, RANDY MACK DR.",MS-1,D,124019.37
Bennie G Thompson,"THOMPSON, BENNIE G.",MS-2,D,681016.49
Steven Palazzo,"PALAZZO, STEVEN MCCARTY",MS-4,R,592901.59
Jeramey Anderson,"ANDERSON, JERAMEY DEWAYNE",MS-4,D,76561.11
G K Butterfield,"BUTTERFIELD, G. K.",NC-1,D,577403.27
Roger Allison,"ALLISON, ROGER",NC-1,R,9215.00
George Holding,"HOLDING, GEORGE E MR.",NC-2,R,1858717.76
Linda Coleman,"COLEMAN, LINDA",NC-2,D,299723.22
Steve Loor,"KIMBALL, TEIJI NORMAN",NC-4,R,0
David Price,"PRICE, DAVID E",NC-4,D,611698.24
Mark Walker,"WALKER, BRADLEY MARK MR.",NC-6,R,978823.02
Ryan Watts,"WATTS, RYAN",NC-6,D,206649.27
David Rouzer,"ROUZER, DAVID CHESTON",NC-7,R,1160774.02
Kyle Horton,"HORTON, LAUREN",NC-7,D,343299.27
Richard Hudson,"HUDSON, RICHARD L. JR.",NC-8,R,1791718.06
Frank McNeill,"MCNEILL, FRANK",NC-8,D,360918.51
Patrick McHenry,"MCHENRY, PATRICK",NC-10,R,2943666.05
Dennis Macek,"QUEEN, KENNETH PAUL",NC-10,D,3627.22
Mark R Meadows,"MEADOWS, MARK R",NC-11,R,877217.99
Phillip Price,"PRICE, PHILLIP",NC-11,D,56622.66
Alma Adams,"ADAMS, ALMA SHEALEY",NC-12,D,399011.78
Paul Wright,"COTHAM, PATRICIA A",NC-12,D,0.00
Ted Budd,"BUDD, THEODORE",NC-13,R,1219617.15
Kathy Manning,"MANNING, KATHY",NC-13,D,1935360.55
Don Bacon,"BACON, DONALD J",NE-2,R,1841307.94
Kara Eastman,"EASTMAN, KARA",NE-2,D,783953.35
Paul Theobald,"THEOBALD, PAUL GILBERT",NE-3,D,39500.85
Adrian Smith,"SMITH, ADRIAN",NE-3,R,988873.69
Jeff Fortenberry,"FORTENBERRY, JEFFREY L. HONORABLE",NE-1,R,576324.65
Jessica McClure,"MCCLURE, JESSICA",NE-1,D,29075.30
Don Norcross,"NORCROSS, DONALD W",NJ-1,D,1638101.38
Paul Dilks,"DILKS, PAUL E",NJ-1,R,2300.00
Thomas MacArthur,"MACARTHUR, THOMAS",NJ-3,R,2357696.60
Andy Kim,"KIM, ANDY",NJ-3,D,2166596.70
Josh Welle,"WELLE, JOSH",NJ-4,D,638862.64
Chris Smith,"SMITH, CHRISTOPHER H",NJ-4,R,813674.80
Rich Pezzullo,"PEZZULLO, RICHARD J.",NJ-6,R,80260.00
Frank Pallone Jr.,"PALLONE, FRANK JR",NJ-6,D,1755087.58
Donald M Payne Jr.,"PAYNE, DONALD M., JR.",NJ-10,D,424520.03
Tom Malinowski,"MALINOWSKI, TOM",NJ-7,D,2315868.84
Leonard Lance,"LANCE, LEONARD",NJ-7,R,1540918.10
Jerald Steve McFall,"MULLINS, THOMAS E",NM-3,R,0.00
Ben R Lujan,"LUJAN, BEN R MR.",NM-3,D,1492515.83
Joyce Bentley,"TATNER, JOSEPH LANCE",NV-1,R,0
Dina Titus,"TITUS, DINA",NV-1,D,505899.03
Clint Koble,"KOBLE, CLINT MATTHEW MR.",NV-2,D,73009.08
Mark Amodei,"AMODEI, MARK EUGENE EUGENE",NV-2,R,923398.58
Danny Tarkanian,"TARKANIAN, DANNY",NV-3,R,1387929.79
Susie Lee,"LEE, SUSIE",NV-3,D,2137489.52
Lee Zeldin,"ZELDIN, LEE M",NY-1,R,3066122.84
Perry Gershon,"GERSHON, PERRY",NY-1,D,2202175.52
Tom Suozzi,"SUOZZI, THOMAS",NY-3,D,2120782.71
Dan Debono,"DEBONO, DAN",NY-3,R,312311.51
Ameer Benno,"BENNO, AMEER",NY-4,R,30266.00
Kathleen Rice,"RICE, KATHLEEN",NY-4,D,1128724.18
Nydia M Velazquez,"VELAZQUEZ, NYDIA M.",NY-7,D,790580.68
Dan Donovan,"DONOVAN, DAN",NY-11,R,1815123.06
Max Rose,"ROSE, MAX",NY-11,D,1951382.46
Anthony Pappas,"BLANK, ROGER",NY-14,R,0
Alexandria Ocasio-Cortez,"OCASIO-CORTEZ, ALEXANDRIA",NY-14,D,875532.46
Jose E Serrano,"SERRANO, JOSE E.",NY-15,D,199795.67
Adriano Espaillat,"ESPAILLAT, ADRIANO",NY-13,D,625688.31
Jineea Butler,"BUTLER, JINEEA THE NEW AM",NY-13,R,5927.73
Eliot L Engel,"ENGEL, ELIOT L.",NY-16,D,1312910.00
James O'Donnell,"O'DONNELL, JAMES D",NY-18,R,267334.00
Sean Patrick Maloney,"MALONEY, SEAN PATRICK",NY-18,D,2341774.13
John Faso,"FASO, JOHN J. MR.",NY-19,R,2314821.67
Antonio Delgado,"DELGADO, ANTONIO",NY-19,D,2752878.21
Paul Tonko,"TONKO, PAUL DAVID",NY-20,D,879783.31
Elise Stefanik,"STEFANIK, ELISE M.",NY-21,R,1976106.65
Tedra Cobb,"COBB, TEDRA LYNNE MS.",NY-21,D,453301.78
Tracy Mitrano,"MITRANO, TRACY",NY-23,D,193962.98
Tom Reed,"REED, THOMAS W",NY-23,R,2595369.08
Jim Maxwell,"MAXWELL, JAMES T. DR",NY-25,R,697708.23
Joseph D Morelle,"MORELLE, JOSEPH D",NY-25,D,862606.49
John Katko,"KATKO, JOHN M",NY-24,R,1929882.31
Dana Balter,"BALTER, DANA",NY-24,D,456545.58
Brian M Higgins,"HIGGINS, BRIAN",NY-26,D,831849.84
Renee Zeno,"REYNOLDS, THOMAS M",NY-26,R,864.73
Jill Schiller,"SCHILLER, JILL",OH-2,D,283196.51
Brad Wenstrup,"WENSTRUP, BRAD",OH-2,R,1040733.35
Joyce Beatty,"BEATTY, JOYCE",OH-3,D,748022.49
John Michael Galbraith,"GALBRAITH, JOHN MICHAEL",OH-5,D,108187.96
Robert E Latta,"LATTA, ROBERT EDWARD",OH-5,R,1240282.46
Bill Johnson,"JOHNSON, BILL",OH-6,R,1602744.29
Shawna Roberts,"ROBERTS, SHAWNA",OH-6,D,6150.43
Bob Gibbs,"GIBBS, ROBERT",OH-7,R,749833.39
Ken Harbaugh,"HARBAUGH, KENNETH",OH-7,D,1697195.93
Theresa Gasper,"GASPER, THERESA",OH-10,D,468529.11
Michael R Turner,"TURNER, MICHAEL R",OH-10,R,928149.52
Warren Davidson,"DAVIDSON, WARREN",OH-8,R,567428.79
Vanessa Enoch,"ENOCH, VANESSA L. DR.",OH-8,D,16960.91
Beverly Goldstein,"GOLDSTEIN, BEVERLY A.",OH-11,R,0.00
Marcia L Fudge,"FUDGE, MARCIA L",OH-11,D,423997.76
Troy Balderson,"BALDERSON, TROY",OH-12,R,1264722.56
Danny O'Connor,"O'CONNOR, DANIEL JAY",OH-12,D,1484371.05
Chris Depizzo,"DEPIZZO, CHRIS",OH-13,R,36196.25
Steve Stivers,"STIVERS, STEVE MR.",OH-15,R,3259497.24
Rick Neal,"NEAL, RICK",OH-15,D,921910.25
Tim Harris,"HARRIS, TIM",OK-1,R,360591.78
Steven Russell,"RUSSELL, STEVEN DANE",OK-5,R,698488.49
Kendra Horn,"HORN, KENDRA",OK-5,D,515806.89
Art Robinson,"ROBINSON, ART DR.",OR-4,R,70622.34
Peter DeFazio,"DEFAZIO, PETER A",OR-4,D,1167553.94
Scott Wallace,"WALLACE, HENRY SCOTT",PA-1,D,5381018.58
Brian Fitzpatrick,"FITZPATRICK, BRIAN",PA-1,R,2338452.33
Bryan Leib,"LEIB, BRYAN",PA-3,R,6818.00
Dwight Evans,"EVANS, DWIGHT",PA-3,D,953333.04
Keith Rothfus,"ROTHFUS, KEITH MR.",PA-17,R,2032587.95
Conor Lamb,"LAMB, CONOR",PA-17,D,7412231.37
Dan David,"DAVID, DAN",PA-4,R,333635.00
Madeleine Dean,"DEAN, MADELEINE",PA-4,D,743856.92
Greg McCauley,"MCCAULEY, GREGORY MICHAEL",PA-6,R,174293.26
Chrissy Houlahan,"HOULAHAN, CHRISSY",PA-6,D,2812010.00
Brendan Boyle,"BOYLE, BRENDAN F",PA-2,D,938372.08
David Torres,"JONES, JAMES",PA-2,R,0
Marty Nothstein,"NOTHSTEIN, MARTY MR.",PA-7,R,531252.65
Susan Wild,"WEIDMAN, DAVID WILLIAM",PA-7,D,11232.23
John Chrin,"CHRIN, JOHN R",PA-8,R,1646115.34
Matt Cartwright,"CARTWRIGHT, MATT",PA-8,D,1747809.79
John Joyce,"JOYCE, JOHN",PA-13,R,1113336.51
Brent Ottaway,"OTTAWAY, BRENT M",PA-13,D,10837.90
Tom Marino,"MARINO, THOMAS ANTHONY",PA-12,R,527354.17
Marc Friedenberg,"FRIEDENBERG, MARC",PA-12,D,82720.98
Scott Perry,"PERRY, SCOTT",PA-10,R,644267.86
George Scott,"SCOTT, GEORGE",PA-10,D,358230.31
Guy Reschenthaler,"RESCHENTHALER, GUY MR.",PA-14,R,436698.00
Bibiana Boerio,"BOERIO, BIBIANA",PA-14,D,205142.86
Mike Doyle,"DOYLE, MICHAEL",PA-18,D,567039.46
David Cicilline,"CICILLINE, DAVID N",RI-1,D,1308459.52
Jim Langevin,"LANGEVIN, JAMES R. HONORABLE",RI-2,D,830734.72
Salvatore Caiozzo,"CAIOZZO, SALVATORE",RI-2,R,3830.00
Katherine Arrington,"ARRINGTON, KATHERINE ELIZABETH",SC-1,R,714725.58
Joe Cunningham,"CUNNINGHAM, JOE",SC-1,D,791155.84
Jeff Duncan,"DUNCAN, JEFFREY D MR.",SC-3,R,573070.65
Mary Geren,"GEREN, MARY SMITH",SC-3,D,154751.74
William Timmons,"TIMMONS, WILLIAM R. IV",SC-4,R,1419169.42
Brandon Brown,"BROWN, BRANDON PENDARVIS",SC-4,D,30672.75
Ralph Norman,"NORMAN, RALPH W. JR.",SC-5,R,2159355.43
Archie Parnell,"PARNELL, ARCHIE",SC-5,D,1880484.58
Chuck Fleischmann,"FLEISCHMANN, CHARLES J",TN-3,R,908601.69
Danielle Mitchell,"MITCHELL, DANIELLE DR.",TN-3,D,179571.94
John Rose,"ROSE, JOHN W.",TN-6,R,2931945.00
Dawn Barlow,"BARLOW, DAWN",TN-6,D,15428.96
Jody Ball,"BALL, JODY",TN-5,R,0.00
Jim Cooper,"COOPER, JAMES H.S.",TN-5,D,382832.42
Scott Desjarlais,"DESJARLAIS, SCOTT HON.",TN-4,R,437434.66
Mariah Phillips,"PHILLIPS, MARIAH NICOLE",TN-4,D,293178.49
David Kustoff,"KUSTOFF, DAVID",TN-8,R,1435501.98
Erika Stotts Pearson,"TANNER, JOHN S.",TN-8,D,7.23
Charlotte Bergmann,"BERGMANN, CHARLOTTE",TN-9,R,40157.29
Steve Cohen,"COHEN, STEPHEN IRA",TN-9,D,390239.33
Dan Crenshaw,"HAVENS, JONATHAN MR.",TX-2,R,162155.00
Todd Litton,"LITTON, TODD CATLETT",TX-2,D,843045.04
John Lee Ratcliffe,"RATCLIFFE, JOHN L",TX-4,R,837165.94
Catherine Krantz,"KRANTZ, CATHERINE",TX-4,D,23481.02
Dan Wood,"WOOD, DANNY EUGENE JR",TX-5,D,81476.22
Lance Gooden,"GOODEN, LANCE",TX-5,R,595560.00
John Culberson,"CULBERSON, JOHN",TX-7,R,2024361.31
Lizzie Fletcher,"FLETCHER, ELIZABETH",TX-7,D,2321869.63
Steven David,"DAVID, STEVEN",TX-8,D,25044.48
Kevin Brady,"BRADY, KEVIN",TX-8,R,4258369.61
Michael McCaul,"MCCAUL, MICHAEL",TX-10,R,1385579.37
Mike Siegel,"SIEGEL, MICHAEL",TX-10,D,177679.62
Kay Granger,"GRANGER, KAY",TX-12,R,1671633.10
Vanessa Adia,"ADIA, VANESSA MICHELLE",TX-12,D,106715.19
Mac Thornberry,"THORNBERRY, MAC",TX-13,R,1131705.43
Greg Sagan,"SAGAN, GREGORY T. MR.",TX-13,D,21414.06
Vicente Gonzalez,"GONZALEZ, VICENTE",TX-15,D,985424.56
Tim Westley,"WESTLEY, TIMMY LEE",TX-15,R,7491.00
Bill Flores,"FLORES, BILL",TX-17,R,1072083.54
Rick Kennedy,"KENNEDY, RICHARD",TX-17,D,81777.57
Sheila Jackson Lee,"LEE, SHEILA JACKSON",TX-18,D,452824.59
Ava Pate,"PATE, AVA",TX-18,R,9693.41
David Smalling,"SMALLING, DAVID",TX-35,R,29478.00
Lloyd Doggett,"DOGGETT, LLOYD",TX-35,D,608321.58
Mary Jennings Hegar,"HEGAR, MARY JENNINGS MJ",TX-31,D,1618359.43
John Carter,"CARTER, JOHN R. REP.",TX-31,R,1015416.85
Will Hurd,"HURD, WILLIAM",TX-23,R,3057982.97
Gina Jones,"JONES, GINA ORTIZ",TX-23,D,2256366.75
Kenny Marchant,"MARCHANT, KENNY E MR.",TX-24,R,955162.82
Jan McDowell,"MCDOWELL, JAN",TX-24,D,61324.12
Michael Burgess,"BURGESS, MICHAEL C. DR.",TX-26,R,1379429.25
Linsey Fagan,"FAGAN, LINSEY",TX-26,D,94235.23
Michael Cloud,"CLOUD, MICHAEL",TX-27,R,415103.29
Eric Holguin,"HOLGUIN, ERIC",TX-27,D,100683.68
Henry Cuellar,"CUELLAR, HENRY R.",TX-28,D,1212620.79
Eddie Bernice Johnson,"JOHNSON, EDDIE BERNICE",TX-30,D,304430.77
Pete Sessions,"SESSIONS, PETE MR.",TX-32,R,2750175.94
Colin Allred,"ALLRED, COLIN",TX-32,D,1916601.47
Ben McAdams,"MCADAMS, BEN",UT-4,D,1677140.84
Mia Love,"LOVE, MIA",UT-4,R,3309541.85
Scott W Taylor,"TAYLOR, SCOTT W. MR.",VA-2,R,2741096.01
Elaine Luria,"LURIA, ELAINE",VA-2,D,1318925.69
Denver Riggleman,"RIGGLEMAN, DENVER LEE MR. III",VA-5,R,217442.53
Leslie Cockburn,"COCKBURN, LESLIE",VA-5,D,1289472.88
Don Beyer,"BEYER, DONALD STERNOFF HONORABLE JR.",VA-8,D,1587480.65
Thomas Oh,"OH, THOMAS",VA-8,R,17355.00
Morgan Griffith,"GRIFFITH, H MORGAN",VA-9,R,783976.26
Anthony Flaccavento,"FLACCAVENTO, ANTHONY JUDE MR",VA-9,D,317082.95
Jennifer Wexton,"WEXTON, JENNIFER",VA-10,D,1934197.08
Barbara Comstock,"COMSTOCK, BARBARA",VA-10,R,3818909.15
Jeff Dove,"DOVE, JEFFERY ANTHONY MR. JR.",VA-11,R,372691.78
Gerry Connolly,"CONNOLLY, GERALD EDWARD",VA-11,D,1624391.72
Rick Larsen,"LARSEN, RICK",WA-2,D,787867.83
Jaime Herrera Beutler,"HERRERA BEUTLER, JAIME",WA-3,R,1518351.82
Carolyn Long,"LONG, CAROLYN N.",WA-3,D,662064.85
Christine Brown,"BROWN, CHRISTINE CAROL",WA-4,D,266346.87
Dan Newhouse,"NEWHOUSE, DAN",WA-4,R,788146.84
Douglas Dightman,"DIGHTMAN, DOUGLAS",WA-6,R,13300.00
Derek Kilmer,"KILMER, DEREK",WA-6,D,1788299.79
Dino Rossi,"ROSSI, DINO",WA-8,R,3005150.00
Kim Schrier,"SCHRIER, KIM DR.",WA-8,D,1611071.91
Margaret Engebretson,"ENGEBRETSON, MARGARET RUTH",WI-7,D,35926.46
Sean P Duffy,"DUFFY, SEAN",WI-7,R,2974440.90
Gwen Moore,"MOORE, GWEN S",WI-4,D,776392.55
Glenn S Grothman,"GROTHMAN, GLENN S.",WI-6,R,1314788.12
Dan Kohl,"KOHL, DAN",WI-6,D,1723543.30
Mike Gallagher,"GALLAGHER, MICHAEL JOHN",WI-8,R,2208475.06
Beau Liegeois,"LIEGEOIS, BEAU",WI-8,D,161395.67
David McKinley,"MCKINLEY, DAVID B. MR.",WV-1,R,949839.64
Kendra Fershee,"FERSHEE, KENDRA JEAN HUARD",WV-1,D,114629.10
Talley Sergent,"SERGENT, TALLEY",WV-2,D,379074.14
Alex Mooney,"MOONEY, ALEXANDER XAVIER",WV-2,R,1428347.37
Bruce Westerman,"WESTERMAN, BRUCE",AR-4,R,1330852.76
Hayden Shamel,"SHAMEL, HAYDEN CATHERINE",AR-4,D,91334.32
Alan Lowenthal,"LOWENTHAL, ALAN",CA-47,D,568587.30
John Briscoe,"BRISCOE, JOHN",CA-47,R,23775.00
Paul Cook,"COOK, PAUL",CA-8,R,757325.27
Tim Donnelly,"DONNELLY, TIMOTHY M.",CA-8,R,105242.95
Mike Thompson,"THOMPSON, MIKE MR.",CA-5,D,1610159.64
Jared Huffman,"HUFFMAN, JARED",CA-2,D,734206.21
Dale Mensing,"MENSING, DALE KENNETH",CA-2,R,4041.00
David Valadao,"VALADAO, DAVID",CA-21,R,2305339.89
TJ Cox,"COX, TERRANCE JOHN (TJ)",CA-21,D,1326531.95
Andrew Janz,"JANZ, ANDREW",CA-22,D,2872385.87
Devin Nunes,"NUNES, DEVIN GERALD",CA-22,R,7428562.65
Steve Knight,"KNIGHT, STEVE",CA-25,R,1703743.51
Katie Hill,"HILL, KATHERINE LAUREN",CA-25,D,2451456.61
Jimmy Gomez,"GOMEZ, JIMMY",CA-34,D,1358082.78
Lucille Roybal-Allard,"ROYBAL-ALLARD, LUCILLE",CA-40,D,402710.70
Nanette Barragan,"BARRAGAN, NANETTE",CA-44,D,1311276.46
Aja Brown,"BROWN, AJA",CA-44,D,18600.00
Ken Calvert,"CALVERT, KENNETH S",CA-42,R,1241471.02
Julia Peacock,"PEACOCK, JULIA",CA-42,D,94640.00
Gil Cisneros,"CISNEROS, GILBERT",CA-39,D,5512129.68
Young Kim,"KIM, YOUNG",CA-39,R,1283994.39
Mark Takano,"TAKANO, MARK",CA-41,D,811777.78
Aja Smith,"SMITH, AJA",CA-41,R,25560.88
Russell Lambert,"LAMBERT, RUSSELL RENE",CA-46,R,140.00
Lou Correa,"CORREA, JOSE",CA-46,D,866384.87
Dana Rohrabacher,"ROHRABACHER, DANA",CA-48,R,1774411.14
Hans Keirstead,"KEIRSTEAD, HANS",CA-48,D,2178345.46
Juan Vargas,"VARGAS, JUAN CARLOS",CA-51,D,677927.60
Juan Hidalgo,"HIDALGO, JUAN",CA-51,R,31169.85
Scott Peters,"PETERS, SCOTT",CA-52,D,2305520.63
Omar Qudrat,"QUDRAT, OMAR",CA-52,R,282411.27
Jason Crow,"CROW, JASON",CO-6,D,2264940.25
Mike Coffman,"COFFMAN, MIKE REP.",CO-6,R,2375025.54
Diane Mitsch Bush,"MITSCH BUSH, DIANE MS.",CO-3,D,642977.68
Scott Tipton,"TIPTON, SCOTT R. MR.",CO-3,R,988073.54
Stephany Rose Spaulding,"SPAULDING, STEPHANY ROSE",CO-5,D,188007.54
Douglas L Lamborn,"LAMBORN, DOUGLAS",CO-5,R,568526.17
John B Larson,"LARSON, JOHN B",CT-1,D,1239729.98
Barry Loudermilk,"LOUDERMILK, BARRY",GA-11,R,655056.16
Flynn Broady Jr.,"BROADY, FLYNN D. JR.",GA-11,D,34839.54
Richard W Allen,"ALLEN, RICHARD W",GA-12,R,758565.91
Francys Johnson,"JOHNSON, FRANCYS",GA-12,D,116035.86
Steven A. King,"KING, STEVE MR.",IA-4,R,509699.19
J.D. Scholten,"SCHOLTEN, JAMES D.",IA-4,D,776347.19
Robin Kelly,"KELLY, ROBIN",IL-2,D,724302.46
Arthur Jones,"FALVEY, JAMES M",IL-3,R,0
Daniel Lipinski,"LIPINSKI, DANIEL WILLIAM WILLIAM",IL-3,D,1373056.58
Mark Lorch,"LORCH, MARK WAYNE",IL-4,R,8109.36
Jesus Garcia,"GARCIA, JESUS",IL-4,D,677625.12
John Elleson,"ELLESON, JOHN D",IL-9,R,37726.98
Jan Schakowsky,"SCHAKOWSKY, JANICE D",IL-9,D,1254578.77
Brendan Kelly,"KELLY, BRENDAN",IL-12,D,1786472.44
Mike Bost,"BOST, MICHAEL",IL-12,R,1910252.62
Susan Brooks,"BROOKS, SUSAN MRS.",IN-5,R,976366.47
Deirdre Thornton,"THORNTON, DIERDRE",IN-5,D,55516.08
Greg Pence,"PENCE, GREGORY J.",IN-6,R,1686130.97
Jeannine Lee Lake,"LAKE, JEANNINE LEE",IN-6,D,11711.22
Wayne Harmon,"HARMON, WAYNE E",IN-7,R,606.00
Andre Carson,"CARSON, ANDRE",IN-7,D,725723.51
Brett Guthrie,"GUTHRIE, S. BRETT HON.",KY-2,R,1541502.00
Hank Linderman,"LINDERMAN, HANK",KY-2,D,85359.51
Thomas Massie,"MASSIE, THOMAS H.",KY-4,R,248228.18
Seth Hall,"HALL, SETH BLANE 1962",KY-4,D,48972.67
Anthony Brown,"BROWN, ANTHONY",MD-4,D,660956.66
George McDermott,"THERRIEN, DAVID",MD-4,R,19458.15
Jamie Raskin,"RASKIN, JAMIE",MD-8,D,985357.03
John Walsh,"SHUDOFSKY, ARYEH",MD-8,R,0.00
Jason Lewis,"LEWIS, JASON MARK MR.",MN-2,R,1953078.50
Angie Craig,"CRAIG, ANGELA DAWN",MN-2,D,2361641.78
Dean Phillips,"PHILLIPS, DEAN",MN-3,D,2478333.75
Erik Paulsen,"PAULSEN, ERIK MR.",MN-3,R,3852306.34
Jacob Turk,"TURK, JACOB",MO-5,R,9525.84
Emanuel Cleaver,"CLEAVER, EMANUEL II",MO-5,D,817323.67
Walter B Jones Jr.,"JONES, WALTER B",NC-3,R,498034.38
Mark Harris,"HARRIS, MARK E",NC-9,R,931015.62
Dan McCready,"MCCREADY, DANIEL",NC-9,D,2673739.25
Seth Grossman,"GROSSMAN, SETH",NJ-2,R,87841.55
Jeff Van Drew,"VAN DREW, JEFF",NJ-2,D,1043025.47
Jay Webber,"WEBBER, JAY",NJ-11,R,574410.28
Mikie Sherrill,"SHERRILL, REBECCA MICHELLE",NJ-11,D,4236125.63
Xochitl Torres Small,"TORRES SMALL, XOCHITL",NM-2,D,934714.79
Yvette Herrell,"HERRELL, STELLA YVETTE",NM-2,R,522357.36
Steven Horsford,"HORSFORD, STEVEN ALEXZANDER",NV-4,D,683295.05
Cresent Hardy,"HARDY, CRESENT",NV-4,R,21943.61
Pete King,"KING, PETE",NY-2,R,934923.27
Liuba Grechen Shirley,"GRECHEN SHIRLEY, LIUBOV LIUBA",NY-2,D,604261.71
Grace Meng,"MENG, GRACE",NY-6,D,999072.28
Yvette D Clarke,"CLARKE, YVETTE",NY-9,D,883359.75
Lutchi Gayot,"GAYOT, LUTCHI",NY-9,R,3875.00
Hakeem Jeffries,"JEFFRIES, HAKEEM",NY-8,D,1170292.79
Eliot Rabin,"RABIN, ELIOT MR.",NY-12,R,5530.00
Carolyn B Maloney,"MALONEY, CAROLYN B.",NY-12,D,1788258.64
Jerrold Nadler,"NADLER, JERROLD L.",NY-10,D,1147513.95
Naomi Levin,"LEVIN, NAOMI",NY-10,R,27130.00
Nate McMurray,"MCMURRAY, NATHAN DOUGLAS",NY-27,D,133975.00
Chris Collins,"COLLINS, CHRISTOPHER C",NY-27,R,1278748.67
Aftab Pureval,"PUREVAL, AFTAB",OH-1,D,1571516.88
Steve Chabot,"CHABOT, STEVE",OH-1,R,958196.39
Jim Jordan,"JORDAN, JAMES D.",OH-4,R,441525.08
Janet Garrett,"GARRETT, JANET PATRICIA MRS.",OH-4,D,144264.41
Marcy Kaptur,"KAPTUR, MARCY HON. M.C.",OH-9,D,558896.44
Steven Kraus,"KRAUS, STEVEN WAYNE MR.",OH-9,R,11415.23
David P Joyce,"JOYCE, DAVID P",OH-14,R,1559510.22
Betsy Rader,"RADER, ELIZABETH ANNE",OH-14,D,1035034.02
Jason Nichols,"NICHOLS, JASON",OK-2,D,67499.90
Markwayne Mullin,"MULLIN, MARKWAYNE MR.",OK-2,R,1237445.14
Tom Cole,"COLE, TOM",OK-4,R,1439483.57
Suzanne Bonamici,"BONAMICI, SUZANNE MS.",OR-1,D,786532.01
Earl Blumenauer,"BLUMENAUER, EARL",OR-3,D,1032826.82
Dan Meuser,"MEUSER, DANIEL",PA-9,R,1411687.34
Denny Wolff,"WOLFF, DENNY",PA-9,D,453944.61
Lloyd Smucker,"SMUCKER, LLOYD K.",PA-11,R,1247035.49
Jess King,"KING, JESSICA",PA-11,D,782689.51
Susan Boser,"BOSER, SUSAN",PA-15,D,47682.73
Glenn Thompson,"THOMPSON, GLENN",PA-15,R,999019.33
James E Clyburn,"CLYBURN, JAMES E.",SC-6,D,1441055.01
Gerhard Gressmann,"GRESSMANN, GERHARD RALF REV",SC-6,R,8379.28
Joe Wilson,"WILSON, JOE THE HON.",SC-2,R,861484.05
Sean Carrigan,"CARRIGAN, SEAN J MR.",SC-2,D,47767.36
Tom Rice,"RICE, TOM",SC-7,R,1302645.00
Robert Williams,"WILLIAMS, ROBERT",SC-7,D,12962.43
Mark Green,"GREEN, MARK DR.",TN-7,R,1638118.08
Justin Kanew,"KANEW, JUSTIN",TN-7,D,263135.50
Louis B Gohmert Jr.,"GOHMERT, LOUIS B. MR. JR.",TX-1,R,674022.32
Shirley McKellar,"MCKELLAR, SHIRLEY JONETTA  DR",TX-1,D,26539.13
Van Taylor,"TAYLOR, NICHOLAS V.",TX-3,R,2534565.43
Lorie Burch,"BURCH, LORIE LOUISE",TX-3,D,179759.41
Jana Lynne Sanchez,"SANCHEZ, JANA LYNNE MS",TX-6,D,358960.19
Ron Wright,"WRIGHT, RON",TX-6,R,313175.68
Marc Veasey,"VEASEY, MARC ALLISON MR.",TX-33,D,1078536.50
Willie Billups,"BILLUPS, WILLIE KAILAWN",TX-33,R,61830.17
Jennie Lou Leeder,"LEEDER, VIRGINIA LOUISE",TX-11,D,48489.01
Mike Conaway,"CONAWAY, MICHAEL HONORABLE",TX-11,R,1701959.23
Adrienne Bell,"BELL, ADRIENNE",TX-14,D,105067.44
Randy Weber,"WEBER, RANDY",TX-14,R,557622.45
Rick Seeberger,"SEEBERGER, RICK",TX-16,R,28312.24
Veronica Escobar,"ESCOBAR, VERONICA",TX-16,D,1185637.69
Joseph Kopser,"KOPSER, JOSEPH",TX-21,D,1594724.99
Chip Roy,"ROY, CHIP",TX-21,R,936938.73
Roger Williams,"WILLIAMS, ROGER",TX-25,R,1119040.50
Julie Oliver,"OLIVER, JULIE LYNN",TX-25,D,202190.29
Filemon Vela,"VELA, FILEMON",TX-34,D,795495.72
Rey Gonzalez,"GONZALEZ, REY DR.",TX-34,R,49050.75
Sylvia Garcia,"GARCIA, SYLVIA R",TX-29,D,872971.30
Phillip Aronoff,PHILLIP ARNOLD ARONOFF,TX-29,R,52560.03
Joaquin Castro,"CASTRO, JOAQUIN",TX-20,D,764506.43
Rob Bishop,"BISHOP, ROBERT",UT-1,R,851055.95
Lee Castillo,"CASTILLO, LEE MR",UT-1,D,6272.56
Chris Stewart,"STEWART, CHRIS",UT-2,R,705950.25
Shireen Ghorbani,"GHORBANI, SHIREEN SARAH",UT-2,D,109604.65
Ryan McAdams,"MCADAMS, RYAN A. MR.",VA-4,R,63108.83
Donald McEachin,"MCEACHIN, ASTON DONALD",VA-4,D,654831.65
Ben Cline,"CLINE, BENJAMIN LEE",VA-6,R,393628.69
Jennifer Lewis,"LEWIS, JENNIFER LYNN",VA-6,D,72778.71
Suzan DelBene,"DELBENE, SUZAN K",WA-1,D,1536165.26
Jeffrey Beeler,"BEELER, JEFFREY ALLEN SR",WA-1,R,7140.00
Joseph Brumbles,"FLEMMING, STANLEY L K",WA-10,R,0.00
Dennis Heck,"HECK, DENNIS",WA-10,D,1133086.43
Ron Kind,"KIND, RONALD JAMES",WI-3,D,1845452.07
Steve Toft,"TOFT, STEVE",WI-3,R,215668.02
Bradley Byrne,"BYRNE, BRADLEY ROBERTS",AL-1,R,1001925.17
Robert Kennedy Jr.,"KENNEDY, ROBERT JR.",AL-1,D,133664.39
French Hill,"HILL, JAMES FRENCH",AR-2,R,1954935.48
Clarke Tucker,"TUCKER, EVERETT CLARKE IV",AR-2,D,975518.06
Zoe Lofgren,"LOFGREN, ZOE",CA-19,D,1369556.42
Christine Russell,"FOX, RICHARD B",CA-18,R,0.00
Anna Eshoo,"ESHOO, ANNA G",CA-18,D,1021364.98
Maxine Waters,"WATERS, MAXINE",CA-43,D,1099216.66
Omar Navarro,"NAVARRO, OMAR",CA-43,R,351780.31
Tatiana Matta,"MATTA, TATIANA",CA-23,D,34974.57
Kevin McCarthy,"MCCARTHY, KEVIN",CA-23,R,6583490.15
Justin Fareed,"FAREED, JUSTIN",CA-24,R,763813.38
Salud Carbajal,"CARBAJAL, SALUD",CA-24,D,2223453.59
Mark Reed,"KLEINMAN, PABLO",CA-30,R,0.00
Brad Sherman,"SHERMAN, BRAD",CA-30,D,972184.00
Pete Aguilar,"AGUILAR, PETE",CA-31,D,2120678.79
Sean Flynn,"FLYNN, SEAN",CA-31,R,907967.29
Norma Torres,"TORRES, NORMA",CA-35,D,508317.36
Christian Valiente,"VALIENTE, CHRISTIAN",CA-35,R,1259.00
Harry Arora,"ARORA, HARRY",CT-4,R,720842.37
Jim Himes,"HIMES, JIM",CT-4,D,1575808.76
Buddy Carter,"CARTER, EARL LEROY",GA-1,R,1414181.00
Lisa Ring,"RING, LISA M.",GA-1,D,103756.49
Dominick Stella,"STELLA, DOMINICK J. M.D.",IL-11,R,187392.58
Bill Foster,"FOSTER, G. WILLIAM (BILL)",IL-11,D,1832162.44
James Comer,"COMER, JAMES",KY-1,R,582566.95
Paul Walker,"WALKER, PAUL",KY-1,D,15048.97
Jared Golden,"GOLDEN, JARED",ME-2,D,1179517.22
Bruce Poliquin,"POLIQUIN, BRUCE L",ME-2,R,3178414.89
Matt Longjohn,"LONGJOHN, MATT",MI-6,D,672095.47
Fred Upton,"UPTON, FREDERICK STEPHEN",MI-6,R,2226505.99
Haley Stevens,"STEVENS, HALEY",MI-11,D,1037752.25
Lena Epstein,"EPSTEIN, LENA ROSE",MI-11,R,1648799.46
Dave Hughes,"HUGHES, DAVID",MN-7,R,139019.30
Collin Peterson,"PETERSON, COLLIN CLARK",MN-7,D,1040328.33
Jason Smith,"SMITH, JASON T",MO-8,R,1586458.50
Kathryn Ellis,"ELLIS, KATHRYN GAIL",MO-8,D,113858.76
Virginia Foxx,"FOXX, VIRGINIA ANN",NC-5,R,1749825.80
Denise Darcel Adams,"ADAMS, DENISE DARCEL",NC-5,D,196549.81
Josh Gottheimer,"GOTTHEIMER, JOSH",NJ-5,D,5208050.29
John McCann,"MCCANN, JOHN JOSEPH MR. JR.",NJ-5,R,432362.51
Bill Pascrell Jr.,"PASCRELL, WILLIAM J. JR.",NJ-9,D,1198653.71
Eric Fisher,"CASTILLO, HECTOR DR.",NJ-9,R,0.00
Daryl Kipnis,"CORSI, DAVID",NJ-12,R,0
Bonnie Coleman,"COLEMAN, BONNIE WATSON",NJ-12,D,691536.38
Gregory W Meeks,"MEEKS, GREGORY W.",NY-5,D,760086.98
Claudia Tenney,"TENNEY, CLAUDIA",NY-22,R,1963251.94
Anthony Brindisi,"BRINDISI, ANTHONY",NY-22,D,1938414.60
Susan Palmer,"PALMER, SUSAN MORAN",OH-16,D,72638.80
Anthony Gonzalez,"GONZALEZ, ANTHONY E",OH-16,R,1357438.12
Frank D Lucas,"LUCAS, FRANK D.",OK-3,R,828198.41
Kurt Schrader,"SCHRADER, KURT",OR-5,D,1585789.34
Mark Callahan,"CALLAHAN, MARK ALLEN",OR-5,R,13311.99
Mary Scanlon,"SCANLON, MARY GAY",PA-5,D,1048398.78
Pearl Kim,"KIM, PEARL",PA-5,R,350321.22
Ron DiNicola,"DINICOLA, RONALD A.",PA-16,D,560686.43
Mike Kelly,"KELLY, GEORGE J JR",PA-16,R,1778514.42
Renee Hoyos,"HOYOS, RENEE",TN-2,D,139267.84
Tim Burchett,"BURCHETT, TIM",TN-2,R,634912.20
Al Green,"GREEN, ALEXANDER",TX-9,D,387334.96
Brian Babin,"BABIN, BRIAN",TX-36,R,899638.32
Dayna Steele,"STEELE, DAYNA MS.",TX-36,D,516859.64
Jodey Arrington,"ARRINGTON, JODEY COOK",TX-19,R,1053268.80
Miguel Levario,"LEVARIO, MIGUEL ANTONIO MR. PHD",TX-19,D,55271.59
Sri Kulkarni,"KULKARNI, SRI PRESTON",TX-22,D,448680.57
Pete Olson,"OLSON, PETER G.",TX-22,R,1061636.72
James Singer,"SINGER, JAMES COURAGE",UT-3,D,4659.00
John Curtis,"CURTIS, JOHN",UT-3,R,1331934.58
Bobby Scott,"SCOTT, ROBERT C MR",VA-3,D,365016.28
Dave Brat,"BRAT, DAVID ALAN MR.",VA-7,R,1332894.18
Abigail Spanberger,"SPANBERGER, ABIGAIL",VA-7,D,1351549.69
Lisa Brown,"BROWN, LISA",WA-5,D,2393047.58
Cathy McMorris Rodgers,"MCMORRIS RODGERS, CATHY",WA-5,R,3854842.00
Pramila Jayapal,"JAYAPAL, PRAMILA",WA-7,D,1664077.47
Craig Keller,"KELLER, CRAIG",WA-7,R,3100.00
Adam Smith,"SMITH, D. ADAM",WA-9,D,601715.48
Sarah Smith,"SMITH, SARAH",WA-9,D,57324.72
Robert B Aderholt,"ADERHOLT, ROBERT B. REP.",AL-4,R,1258842.08
Lee Auman,"AUMAN, JAMES LEE",AL-4,D,21058.07
Jessica Morse,"MORSE, JESSICA",CA-4,D,1461622.61
Tom McClintock,"MCCLINTOCK, THOMAS",CA-4,R,1188803.73
Peter Yu,"YU, PETER",CO-2,R,12271.00
Joseph Neguse,"NEGUSE, JOSEPH",CO-2,D,852007.69
Hank Johnson,"JOHNSON, HENRY C. 'HANK",GA-4,D,368189.69
Joe Profit,"PROFIT, JOSEPH",GA-4,R,9200.00
John Lewis,"LEWIS, JOHN R.",GA-5,D,2659729.77
John A Yarmuth,"YARMUTH, JOHN A",KY-3,D,545589.56
Vickie Glisson,"GLISSON, VICKIE YATES BROWN",KY-3,R,465356.48
Elijah E Cummings,"CUMMINGS, ELIJAH E",MD-7,D,780271.14
Richmond Davis,"DAVIS, RICHMOND",MD-7,R,11108.86
Mark Holbrook,"HOLBROOK, MARK IRVING DR",ME-1,R,64946.87
Chellie Pingree,"PINGREE, CHELLIE M",ME-1,D,398999.58
Travis Wines,"WHITNEY, TERRY",MI-5,R,0
Dan Kildee,"KILDEE, DANIEL T.",MI-5,D,821850.71
Tom Emmer,"EMMER, THOMAS EARL JR.",MN-6,R,1730184.31
Ian Todd,"TODD, IAN ANDREW",MN-6,D,33971.19
Cort Vanostran,"VANOSTRAN, CORT",MO-2,D,862786.12
Ann L Wagner,"WAGNER, ANN L.",MO-2,R,2497816.60
Michael Guest,"GUEST, MICHAEL PATRICK",MS-3,R,612931.20
Michael Ted Evans,"AYCOX, KEVIN MICHAEL",MS-3,D,10502.75
Albio Sires,"SIRES, ALBIO",NJ-8,D,243263.31
John Muniz,"MUNIZ, JOHN R",NJ-8,R,250.00
Greg Walden,"WALDEN, GREGORY P. MR.",OR-2,R,4242647.18
Jamie McLeod-Skinner,"MCLEOD-SKINNER, JAMIE",OR-2,D,282255.39
Phil Roe,"ROE, DAVID PHILLIP DR.",TN-1,R,309469.00
Martin Olsen,"OLSEN, MARTIN",TN-1,D,71371.98
Vangie Williams,"WILLIAMS, VANGIE",VA-1,D,97837.79
Rob Wittman,"WITTMAN, ROBERT J MR.",VA-1,R,1135747.14
Randy Bryce,"BRYCE, RANDY",WI-1,D,6254754.67
Bryan Steil,"STEIL, BRYAN GEORGE",WI-1,R,750336.86
Tom Palzewicz,"PALZEWICZ, TOM",WI-5,D,148742.65
F James Sensenbrenner Jr.,"SENSENBRENNER, F. JAMES JR.",WI-5,R,257547.60
Richard Ojeda,"OJEDA, RICHARD NEECE SENATOR II",WV-3,D,514945.62
Carol Miller,"MILLER, CAROL DEVINE",WV-3,R,818091.81
Barbara Lee,"LEE, BARBARA",CA-13,D,1294640.16
Jackie Speier,"SPEIER, JACKIE",CA-14,D,816387.28
Debra Haaland,"HAALAND, DEBRA",NM-1,D,1141921.95
Janice Arnold-Jones,"ARNOLD-JONES, JANICE E",NM-1,R,122187.43
Nita M Lowey,"LOWEY, NITA M",NY-17,D,1170772.34
Mark Pocan,"POCAN, MARK",WI-2,D,801147.70
